7228272882,潮墟·CPARTY,2605594314,中国广州发布
2568435544,宁波发布,2605594314,中国广州发布
6371852024,微博直播台,2605594314,中国广州发布
7316361186,广州禁毒,2605594314,中国广州发布
1644489953,南方都市报,2605594314,中国广州发布
5460202851,荆州发布,2605594314,中国广州发布
5729035708,读懂中国,2605594314,中国广州发布
2028810631,新浪新闻,2605594314,中国广州发布
3870787200,景德镇发布,2605594314,中国广州发布
6115560351,国是直通车,2605594314,中国广州发布
gztq,广州天气,2605594314,中国广州发布
6073765379,广东鼎湖山泉,2605594314,中国广州发布
5211224727,白云机场,2605594314,中国广州发布
2882617115,头条文章,2605594314,中国广州发布
2850809427,微博钱包,2605594314,中国广州发布
1498396803,中国天气,2605594314,中国广州发布
6336710565,微博任务,2605594314,中国广州发布
1853949425,剧综速递,2605594314,中国广州发布
2711814283,广州南沙公安,2605594314,中国广州发布
1351653603,广州南沙天气,2605594314,中国广州发布
6020086612,抖音,2605594314,中国广州发布
5940695755,RUIZ锐贼,2605594314,中国广州发布
3009788765,滨海发布,2605594314,中国广州发布
2279751824,佛山地质,2605594314,中国广州发布
1644395354,冷笑话精选,2605594314,中国广州发布
1904801157,南海发布,2605594314,中国广州发布
1656737654,现代快报,2605594314,中国广州发布
5067607858,荣耀HONOR,2605594314,中国广州发布
1839167003,华为终端官方微博,2605594314,中国广州发布
1699540307,中国之声,2605594314,中国广州发布
5996184614,国际版小助理,2605594314,中国广州发布
1889196427,行走中的大海-,2605594314,中国广州发布
1808025842,衡阳辟谣侠,2605594314,中国广州发布
1166557705,邢凯先生,2605594314,中国广州发布
1213687703,网民老林,2605594314,中国广州发布
2097327871,张军文,2605594314,中国广州发布
thepapernewsapp,澎湃新闻,2605594314,中国广州发布
1700715830,广州日报大洋网,2605594314,中国广州发布
1817028784,春秋剑歌,2605594314,中国广州发布
3222817584,iPanda熊猫频道,2605594314,中国广州发布
1774259814,重庆晚报,2605594314,中国广州发布
2176629020,郭凡礼,2605594314,中国广州发布
5743923782,微博会员小秘书,2605594314,中国广州发布
6383942032,广东交警,2605594314,中国广州发布
1683010264,广州美食大全,2605594314,中国广州发布
1847582585,都市快报,2605594314,中国广州发布
1763084680,腾讯新闻出品,2605594314,中国广州发布
1763864272,中国气象爱好者,2605594314,中国广州发布
1649586835,Steed的围脖,2605594314,中国广州发布
1326410461,瞭望东方周刊,2605594314,中国广州发布
2261561202,鲜城广州,2605594314,中国广州发布
3941354960,定时微博小助手,2605594314,中国广州发布
5687127924,表情馆,2605594314,中国广州发布
2054302531,湖南高速警察,2605594314,中国广州发布
2075651857,昆明12345市长热线,2605594314,中国广州发布
3816699409,昆明发布,2605594314,中国广州发布
2874978364,安庆发布,2605594314,中国广州发布
5822812020,广视频,2605594314,中国广州发布
6294596561,柠刊,2605594314,中国广州发布
1778758223,新浪看点,2605594314,中国广州发布
6124642021,新京报我们视频,2605594314,中国广州发布
5281061272,广州人的新鲜事,2605594314,中国广州发布
2583488094,吃喝玩乐IN广州,2605594314,中国广州发布
1314608344,新闻晨报,2605594314,中国广州发布
3677221757,广东新闻中心,2605594314,中国广州发布
1700648435,成都商报,2605594314,中国广州发布
1647662054,新浪上海,2605594314,中国广州发布
1222135407,中国国家地理,2605594314,中国广州发布
1998825193,广州越秀公安,2605594314,中国广州发布
1735882701,深圳公安,2605594314,中国广州发布
1764404507,中山日报,2605594314,中国广州发布
3266943013,央视网,2605594314,中国广州发布
1878169763,青年文摘,2605594314,中国广州发布
1916994690,广州南沙新闻,2605594314,中国广州发布
2611643794,广州增城公安,2605594314,中国广州发布
2162465752,广州番禺公安,2605594314,中国广州发布
2595080202,广州海珠公安,2605594314,中国广州发布
2644699094,广州花都公安,2605594314,中国广州发布
1811587962,广州妈妈网,2605594314,中国广州发布
2549228714,英国那些事儿,2605594314,中国广州发布
2431328567,微博热点,2605594314,中国广州发布
1904228041,中国地震台网速报,2605594314,中国广州发布
1830679800,广东卫视,2605594314,中国广州发布
3099016097,英国报姐,2605594314,中国广州发布
2715025067,微博会员,2605594314,中国广州发布
5710586189,封面西洋镜,2605594314,中国广州发布
1887344341,观察者网,2605594314,中国广州发布
5796731205,一直播,2605594314,中国广州发布
1792702427,深圳交警,2605594314,中国广州发布
2735327001,微博安全中心,2605594314,中国广州发布
1977460817,央视网快看,2605594314,中国广州发布
1742566624,思想聚焦,2605594314,中国广州发布
2116476852,黄埔天气,2605594314,中国广州发布
1686546714,环球网,2605594314,中国广州发布
5762454887,微博数据助手,2605594314,中国广州发布
5634638416,广东外语外贸大学,2605594314,中国广州发布
6072764800,广州同城,2605594314,中国广州发布
hooue,政务微博观察,2605594314,中国广州发布
3823475656,12360海关热线,2605594314,中国广州发布
5186027114,微博视频,2605594314,中国广州发布
3587960280,粉丝头条官方微博,2605594314,中国广州发布
1732652540,广州汽车音乐电台,2605594314,中国广州发布
3674078255,G4出动,2605594314,中国广州发布
1811067361,广州联通,2605594314,中国广州发布
5976664027,春运广州,2605594314,中国广州发布
1718699234,四川共青团,2605594314,中国广州发布
2086964427,新浪数据中心,2605594314,中国广州发布
3549916270,中国消防,2605594314,中国广州发布
1708159150,中国大学生在线,2605594314,中国广州发布
2493592183,警民直通车-上海,2605594314,中国广州发布
5018637328,天津交警,2605594314,中国广州发布
1113218211,江宁公安在线,2605594314,中国广州发布
2696049583,无锡发布,2605594314,中国广州发布
1749990115,北京青年报,2605594314,中国广州发布
5061585758,内蒙古县域,2605594314,中国广州发布
5234716148,呼和浩特发布,2605594314,中国广州发布
1935317321,航空融媒,2605594314,中国广州发布
1496814565,封面新闻,2605594314,中国广州发布
2435086834,南宁特警,2605594314,中国广州发布
5749860995,铀媒,2605594314,中国广州发布
5878659096,超话社区,2605594314,中国广州发布
2015108055,中央气象台,2605594314,中国广州发布
2882252430,广东四大名园余荫山房,2605594314,中国广州发布
5936814797,上海合作组织,2605594314,中国广州发布
2249971842,南沙湿地,2605594314,中国广州发布
5143708378,南国文艺,2605594314,中国广州发布
5663214224,国家发展改革委,2605594314,中国广州发布
1764425060,刘炽棠,2605594314,中国广州发布
3960037780,微热点,2605594314,中国广州发布
2588929652,广州荔湾公安,2605594314,中国广州发布
1835483915,南国书香节,2605594314,中国广州发布
3266079994,广州金交会,2605594314,中国广州发布
5338220864,华南师范大学,2605594314,中国广州发布
3921015143,央行微播,2605594314,中国广州发布
3270346463,长春发布,2605594314,中国广州发布
2014532167,水滴微博管理,2605594314,中国广州发布
5136362277,微博红包,2605594314,中国广州发布
5211979483,杭州发布,2605594314,中国广州发布
5517516948,厦门发布,2605594314,中国广州发布
2639029341,福州发布,2605594314,中国广州发布
5832321505,海关发布,2605594314,中国广州发布
5581785513,微博抽奖平台,2605594314,中国广州发布
2388502127,辽宁交通,2605594314,中国广州发布
3672622822,赵天宇Tiffany,2605594314,中国广州发布
3382806064,四级警长,2605594314,中国广州发布
2043228245,平安洛阳,2605594314,中国广州发布
3270666330,九江发布,2605594314,中国广州发布
2035250370,宿州公安在线,2605594314,中国广州发布
1870458911,文旅山东,2605594314,中国广州发布
2549578244,马鞍山发布,2605594314,中国广州发布
2062571151,清新福建文旅之声,2605594314,中国广州发布
1805395867,侯锷,2605594314,中国广州发布
1744406207,维和哥杨乾坤,2605594314,中国广州发布
2061858797,西安文旅之声,2605594314,中国广州发布
1563323381,陈永博,2605594314,中国广州发布
1839256234,云南旅游,2605594314,中国广州发布
2218672194,泥巴山人,2605594314,中国广州发布
2382356540,江宁婆婆,2605594314,中国广州发布
3371832594,小梁县长,2605594314,中国广州发布
2176946705,刘五一,2605594314,中国广州发布
2704063193,巢金红,2605594314,中国广州发布
2247798535,人民微博,2605594314,中国广州发布
5695893336,广州开发区发布,2605594314,中国广州发布
1898782627,微博银川,2605594314,中国广州发布
2752396553,国资小新,2605594314,中国广州发布
2239586647,问政银川,2605594314,中国广州发布
5623185245,海口发布,2605594314,中国广州发布
2789776850,中国广州国际纪录片节,2605594314,中国广州发布
5161255853,1200bookshop,2605594314,中国广州发布
1934183965,微博管理员,2605594314,中国广州发布
5544234757,广东高校新鲜事,2605594314,中国广州发布
1681029540,新民周刊,2605594314,中国广州发布
2016713117,微博客服,2605594314,中国广州发布
1730243272,第一时间,2605594314,中国广州发布
2294848190,一点资讯广东,2605594314,中国广州发布
1642909335,微博小秘书,2605594314,中国广州发布
1718493627,瞭望,2605594314,中国广州发布
2885843632,广交会会刊,2605594314,中国广州发布
3744225371,广州市慈善会,2605594314,中国广州发布
3982084673,中国女排,2605594314,中国广州发布
3937348351,共青团中央,2605594314,中国广州发布
3596728074,荔湾文明,2605594314,中国广州发布
3816661615,尚志发布,2605594314,中国广州发布
2527701130,广州东站汽车客运站,2605594314,中国广州发布
5541422029,广东省人民政府门户网站,2605594314,中国广州发布
5644433237,政务风云榜,2605594314,中国广州发布
1893136801,广东省青年摄影家协会,2605594314,中国广州发布
2099154222,广东省立中山图书馆,2605594314,中国广州发布
3800540007,河源发布,2605594314,中国广州发布
2171972124,广州国际女子网球公开赛,2605594314,中国广州发布
3838438458,广州非遗,2605594314,中国广州发布
2024623547,央视一套,2568435544,宁波发布
1884488621,中国网直播,2568435544,宁波发布
1958345371,株洲发布,2568435544,宁波发布
5521606430,遵义发布,2568435544,宁波发布
2726922721,山西发布,2568435544,宁波发布
1701830693,CCTV今日说法,2568435544,宁波发布
5145725878,沸点视频,2568435544,宁波发布
2737798435,微言教育,2568435544,宁波发布
2117508734,中国气象局,2568435544,宁波发布
2996862314,浙江舟山高速交警,2568435544,宁波发布
3549916270,中国消防,2568435544,宁波发布
2264264700,健康浙江,2568435544,宁波发布
1927630053,NB云的眼睛,2568435544,宁波发布
5762454887,微博数据助手,2568435544,宁波发布
6269666440,宁波影视官博,2568435544,宁波发布
1660529411,气象知识,2568435544,宁波发布
2554172650,张大山l,2568435544,宁波发布
1784473157,中国新闻网,2568435544,宁波发布
5174400490,微博钱包福利,2568435544,宁波发布
2850809427,微博钱包,2568435544,宁波发布
2834480301,健康中国,2568435544,宁波发布
7289344785,疾控科普,2568435544,宁波发布
2049389352,新浪湖北,2568435544,宁波发布
5581785513,微博抽奖平台,2568435544,宁波发布
1744332207,钱江视频,2568435544,宁波发布
5219507869,宁波轨道交通运营,2568435544,宁波发布
3605212412,国网余姚市供电公司,2568435544,宁波发布
1286764730,暴走的蜗小牛,2568435544,宁波发布
3097688767,陕西发布,2568435544,宁波发布
2882617115,头条文章,2568435544,宁波发布
5075268316,浙江新闻客户端,2568435544,宁波发布
thepapernewsapp,澎湃新闻,2568435544,宁波发布
5228594091,天一阁博物院,2568435544,宁波发布
2788145605,CCTV生活提示,2568435544,宁波发布
1899910385,CCTV生活圈,2568435544,宁波发布
1750822455,CCTV5体育新闻,2568435544,宁波发布
1914259727,阿拉旅游杂志,2568435544,宁波发布
6838365839,宁波市残联,2568435544,宁波发布
1402977920,光明日报,2568435544,宁波发布
3142989514,宁波北仑气象,2568435544,宁波发布
1953215384,宁波小小周,2568435544,宁波发布
3921015143,央行微播,2568435544,宁波发布
renminwang,人民网,2568435544,宁波发布
2647277941,鄞州教育,2568435544,宁波发布
3757167087,西安发布,2568435544,宁波发布
3288308313,宁波市保国寺古建筑博物馆,2568435544,宁波发布
2014034660,乐游上海,2568435544,宁波发布
5084348895,李玲_静诛,2568435544,宁波发布
1815325932,龚国荣宁波,2568435544,宁波发布
3820915207,宁波市供销社,2568435544,宁波发布
2015108055,中央气象台,2568435544,宁波发布
2245907352,宁波市运管局,2568435544,宁波发布
3877334254,四明首镇-鄞江镇,2568435544,宁波发布
cctvcaijing,央视财经,2568435544,宁波发布
5000609535,中国政府网,2568435544,宁波发布
3178383060,东海沙子,2568435544,宁波发布
3937348351,共青团中央,2568435544,宁波发布
3295880653,教育之江,2568435544,宁波发布
2909357310,鄞州区行政服务中心,2568435544,宁波发布
2540513160,宁波教育考试,2568435544,宁波发布
6041743024,宁波图书馆,2568435544,宁波发布
2588129592,宁波交通运输局,2568435544,宁波发布
2974021672,江北教育体育,2568435544,宁波发布
1778758223,新浪看点,2568435544,宁波发布
1691724254,清博大数据,2568435544,宁波发布
1699432410,新华视点,2568435544,宁波发布
2236017620,PS教程网,2568435544,宁波发布
3682262094,人文庄市,2568435544,宁波发布
2119628851,中国文明网,2568435544,宁波发布
1911502981,CCTV9纪录,2568435544,宁波发布
1683472727,央广网,2568435544,宁波发布
1708763410,浙江日报,2568435544,宁波发布
1595408944,余姚交管,2568435544,宁波发布
1026131835,宁波慈城古县城,2568435544,宁波发布
1634460045,奉化交警,2568435544,宁波发布
5292805340,慈溪交警,2568435544,宁波发布
2626932990,北仑交通,2568435544,宁波发布
3497502491,象山县交通运输局,2568435544,宁波发布
5279514376,嘉兴发布,2568435544,宁波发布
2392207942,义乌发布,2568435544,宁波发布
5219022556,金华发布,2568435544,宁波发布
5184397402,江干发布,2568435544,宁波发布
3036853453,杭州最热门,2568435544,宁波发布
2126031004,余姚市自来水有限公司,2568435544,宁波发布
3948713134,日食记,2568435544,宁波发布
5209171085,绍兴发布,2568435544,宁波发布
5211979483,杭州发布,2568435544,宁波发布
1498396803,中国天气,2568435544,宁波发布
1739860177,中国气象,2568435544,宁波发布
3941354960,定时微博小助手,2568435544,宁波发布
3238852074,舌尖上的寧波,2568435544,宁波发布
3226953442,宁波闲置转让,2568435544,宁波发布
6068931077,宁波同城,2568435544,宁波发布
2611492002,奉化日报,2568435544,宁波发布
6202551320,男士Fashion搭配,2568435544,宁波发布
5743923782,微博会员小秘书,2568435544,宁波发布
2671670131,平安诸暨,2568435544,宁波发布
5361707226,诸暨发布,2568435544,宁波发布
1787920531,新华社中国网事,2568435544,宁波发布
2660609883,北仑公安,2568435544,宁波发布
3271900050,宁波垃圾分类,2568435544,宁波发布
1917050314,浙江天气,2568435544,宁波发布
1774057271,生命时报,2568435544,宁波发布
5878659096,超话社区,2568435544,宁波发布
2993049293,央视体育,2568435544,宁波发布
3587960280,粉丝头条官方微博,2568435544,宁波发布
2867253722,宁波市妇儿医院,2568435544,宁波发布
5918987931,公安部儿童失踪信息紧急发布平台,2568435544,宁波发布
3960037780,微热点,2568435544,宁波发布
zhengwuxueyuan,政务新媒体学院,2568435544,宁波发布
3752852352,政务应用助理,2568435544,宁波发布
3042943510,宁波公交集团,2568435544,宁波发布
2715025067,微博会员,2568435544,宁波发布
5056920402,宁波市出租汽车电召中心,2568435544,宁波发布
5644433237,政务风云榜,2568435544,宁波发布
1767760462,新浪宁波,2568435544,宁波发布
2756407913,郭不帅叔叔,2568435544,宁波发布
5394206608,粉丝群,2568435544,宁波发布
5084303933,宁波一院,2568435544,宁波发布
5221208773,浙江人社,2568435544,宁波发布
2393507251,政务直通车,2568435544,宁波发布
3063939811,宁波梁祝文化园,2568435544,宁波发布
1895431523,大公報-大公網,2568435544,宁波发布
2380039314,宁波阳光热线,2568435544,宁波发布
3175165444,喜憨儿之家,2568435544,宁波发布
5131766197,浙江发布,2568435544,宁波发布
2848929290,商务微新闻,2568435544,宁波发布
2733005892,宁波集邮,2568435544,宁波发布
5130340593,宁波轨道公安,2568435544,宁波发布
2282003904,Focus_聚焦,2568435544,宁波发布
2855112664,鼓楼沿历史文化街区,2568435544,宁波发布
1929638045,现代金报,2568435544,宁波发布
5103303653,宁波舟山港集团,2568435544,宁波发布
3888868099,宁波通公交地图,2568435544,宁波发布
2418432711,南昌发布,2568435544,宁波发布
2659653184,宁波市非遗保护中心,2568435544,宁波发布
3952253521,宁波市环境保护促进会,2568435544,宁波发布
3618031617,宁波文化广场大剧院,2568435544,宁波发布
1115099077,慈溪教育,2568435544,宁波发布
2588365140,文明浙江,2568435544,宁波发布
3732489542,镇海澥浦,2568435544,宁波发布
3024860547,宁波通讯杂志社,2568435544,宁波发布
3977814580,中国石化镇海炼化公司,2568435544,宁波发布
2817054130,慈溪卫生,2568435544,宁波发布
2810373291,新华网,2568435544,宁波发布
2642474143,温岭发布,2568435544,宁波发布
3952254543,甬说,2568435544,宁波发布
2698146894,河北新闻网,2568435544,宁波发布
1744928270,宁海新闻网,2568435544,宁波发布
3904738515,NBTV-2爱时尚,2568435544,宁波发布
1972494051,舟山发布,2568435544,宁波发布
2197655394,宁波科学探索中心,2568435544,宁波发布
1891728674,宁波公共自行车公司,2568435544,宁波发布
1905843503,四川发布,2568435544,宁波发布
2998045524,苏州发布,2568435544,宁波发布
2696049583,无锡发布,2568435544,宁波发布
3458964092,河姆古镇,2568435544,宁波发布
2074687971,中国徐霞客开游节,2568435544,宁波发布
3710626600,宁波石化开发区,2568435544,宁波发布
3246583502,千年临山卫,2568435544,宁波发布
3171174382,精诚统计,2568435544,宁波发布
2430831214,甬尚美食,2568435544,宁波发布
3095886061,慈溪妇联,2568435544,宁波发布
3209032134,大榭海事,2568435544,宁波发布
3620643917,河姆渡遗址博物馆,2568435544,宁波发布
1963707391,中国港口博物馆,2568435544,宁波发布
3492727697,北仑区发改局,2568435544,宁波发布
1110574267,象山海洋与渔业,2568435544,宁波发布
2416800342,镇海招商,2568435544,宁波发布
1950081077,宁波溪口雪窦山,2568435544,宁波发布
3572538137,宁波群众路线教育实践,2568435544,宁波发布
1900161512,北仑人才,2568435544,宁波发布
3535165334,宁波食安办,2568435544,宁波发布
3561598163,宁波民生e点通,2568435544,宁波发布
2856019417,江北残联,2568435544,宁波发布
3163716062,余姚教育,2568435544,宁波发布
3430193934,北仑科技,2568435544,宁波发布
2541592687,新疆发布,2568435544,宁波发布
3229744013,宁波江北人社局,2568435544,宁波发布
3202531524,宁波市港航局,2568435544,宁波发布
2197709592,宁波财经学院,2568435544,宁波发布
2928822592,宁波江北卫生,2568435544,宁波发布
2477986494,宁波江北疾控,2568435544,宁波发布
3047541217,知礼网,2568435544,宁波发布
1132639825,浒山发布,2568435544,宁波发布
3202579844,江北经社联,2568435544,宁波发布
2395200470,宁波献血,2568435544,宁波发布
2342610415,影视剧未央,6371852024,微博直播台
5597175755,娱蜀黍,6371852024,微博直播台
1878335471,新浪综艺,6371852024,微博直播台
5103645868,星闻揭秘,6371852024,微博直播台
5471534537,娱闻少女,6371852024,微博直播台
1836328652,前线娱乐,6371852024,微博直播台
5939911735,中国好声音,6371852024,微博直播台
5167503212,贵州日报官微,6371852024,微博直播台
1498396803,中国天气,6371852024,微博直播台
renminwang,人民网,6371852024,微博直播台
1730853610,亚洲电影大奖学院,6371852024,微博直播台
3697271680,南充之声,6371852024,微博直播台
3506728370,春晚,6371852024,微博直播台
6606217935,微博蓝V视频,6371852024,微博直播台
6605304612,微博放映厅,6371852024,微博直播台
1644114654,新京报,6371852024,微博直播台
3941354960,定时微博小助手,6371852024,微博直播台
1638782947,新浪财经,6371852024,微博直播台
6290063701,只有爱戏剧幻城,6371852024,微博直播台
2110705772,微博综艺,6371852024,微博直播台
1708368735,国家大剧院,6371852024,微博直播台
1111681197,来去之间,6371852024,微博直播台
1686546714,环球网,6371852024,微博直播台
1618051664,头条新闻,6371852024,微博直播台
thepapernewsapp,澎湃新闻,6371852024,微博直播台
3252743925,微博音乐,6371852024,微博直播台
7459478694,暖_场,6371852024,微博直播台
5581785513,微博抽奖平台,6371852024,微博直播台
5878659096,超话社区,6371852024,微博直播台
7454177482,张文宏医生,6371852024,微博直播台
2850809427,微博钱包,6371852024,微博直播台
5182575519,微博打赏,6371852024,微博直播台
5743923782,微博会员小秘书,6371852024,微博直播台
2715025067,微博会员,6371852024,微博直播台
6336710565,微博任务,6371852024,微博直播台
3587960280,粉丝头条官方微博,6371852024,微博直播台
cctvxinwen,央视新闻,6371852024,微博直播台
3173633817,CGTN,6371852024,微博直播台
2993049293,央视体育,6371852024,微博直播台
2810373291,新华网,6371852024,微博直播台
1819318401,央视网体育,6371852024,微博直播台
6040549176,究竟视频,6371852024,微博直播台
rmrb,人民日报,6371852024,微博直播台
1988602094,警视,7316361186,广州禁毒
6371852024,微博直播台,7316361186,广州禁毒
5762454887,微博数据助手,7316361186,广州禁毒
2328516855,中国警方在线,7316361186,广州禁毒
5681918507,海南警方,7316361186,广州禁毒
5104880035,科普中国,7316361186,广州禁毒
5140353001,人民公安报,7316361186,广州禁毒
2280198017,解放军报,7316361186,广州禁毒
2810373291,新华网,7316361186,广州禁毒
1699432410,新华视点,7316361186,广州禁毒
renminwang,人民网,7316361186,广州禁毒
cctvcaijing,央视财经,7316361186,广州禁毒
2334162530,1818黄金眼,7316361186,广州禁毒
1885454921,蓝鲸财经记者工作平台,7316361186,广州禁毒
3941354960,定时微博小助手,7316361186,广州禁毒
2605594314,中国广州发布,7316361186,广州禁毒
5872836496,湖北禁毒626,7316361186,广州禁毒
2508901184,温州禁毒,7316361186,广州禁毒
1684452940,新浪广东,7316361186,广州禁毒
1701367442,平安南粤,7316361186,广州禁毒
2710217845,北京禁毒,7316361186,广州禁毒
cctvxinwen,央视新闻,7316361186,广州禁毒
rmrb,人民日报,7316361186,广州禁毒
1859428970,中国警察网,7316361186,广州禁毒
2532700305,广州市政府新闻办,7316361186,广州禁毒
1796542650,广州交警,7316361186,广州禁毒
1644489953,南方都市报,7316361186,广州禁毒
5703799536,中国禁毒在线,7316361186,广州禁毒
1722022490,广州公安,7316361186,广州禁毒
2053061043,微博政务,7316361186,广州禁毒
3928511449,交通发布,1644489953,南方都市报
3938812452,广东电网,1644489953,南方都市报
2074685151,侵华日军南京大屠杀遇难同胞纪念馆,1644489953,南方都市报
6380644334,蟹视频,1644489953,南方都市报
1989519725,Johnny黄景瑜,1644489953,南方都市报
7419678919,临潼融媒体,1644489953,南方都市报
2253771810,西安地铁运营分公司,1644489953,南方都市报
2493592183,警民直通车-上海,1644489953,南方都市报
1523766213,成都发布,1644489953,南方都市报
5476386628,侠客岛,1644489953,南方都市报
1908194624,红星视频,1644489953,南方都市报
1267454277,凤凰周刊,1644489953,南方都市报
7524392184,理塘丁真,1644489953,南方都市报
3908755088,最高人民法院,1644489953,南方都市报
2524037914,英国驻重庆总领事馆,1644489953,南方都市报
5183309747,微博内容创作中心,1644489953,南方都市报
1704846507,一九八四丰臻,1644489953,南方都市报
2539961154,上海发布,1644489953,南方都市报
6418480627,星视频,1644489953,南方都市报
2815663917,黑龙江日报,1644489953,南方都市报
3164957712,中国网,1644489953,南方都市报
1871802012,深圳天气,1644489953,南方都市报
3508612897,京法网事,1644489953,南方都市报
2538642904,云南消防,1644489953,南方都市报
7281470213,四度视频,1644489953,南方都市报
3266943013,央视网,1644489953,南方都市报
3631300042,河源消防,1644489953,南方都市报
2290748247,江门消防,1644489953,南方都市报
1699377733,公安主持人,1644489953,南方都市报
2216688114,深圳消防,1644489953,南方都市报
1648881725,珠海消防,1644489953,南方都市报
2379979684,东莞消防,1644489953,南方都市报
1960263644,湛江消防,1644489953,南方都市报
2143914072,广州消防,1644489953,南方都市报
2113463832,广东消防,1644489953,南方都市报
1904947977,天山网,1644489953,南方都市报
2501519087,公安部交通管理局,1644489953,南方都市报
1854829951,江苏大学,1644489953,南方都市报
7285171577,一人茶餐廳,1644489953,南方都市报
5347795977,青蜂侠Bee,1644489953,南方都市报
6393904893,燃新闻,1644489953,南方都市报
1951123110,紧急呼叫,1644489953,南方都市报
7467277921,漩涡视频,1644489953,南方都市报
1444865141,马伯庸,1644489953,南方都市报
2481441215,大米Video,1644489953,南方都市报
3203137375,四川观察,1644489953,南方都市报
7311766582,我是衝鋒隊小陳,1644489953,南方都市报
2480172345,香港光頭警長,1644489953,南方都市报
1301904252,江苏新闻,1644489953,南方都市报
cctvxinwen,央视新闻,1644489953,南方都市报
5461853682,中国军视网,1644489953,南方都市报
1998825193,广州越秀公安,1644489953,南方都市报
7360594450,海客新闻,1644489953,南方都市报
3057540037,人民日报海外版-海外网,1644489953,南方都市报
6040549176,究竟视频,1644489953,南方都市报
3471850792,何君堯JuniusHo,1644489953,南方都市报
2409482243,未来网,1644489953,南方都市报
2201143732,平安丹东,1644489953,南方都市报
6067873008,国家邮政局,1644489953,南方都市报
rmrb,人民日报,1644489953,南方都市报
1305805993,CCTV生命线,1644489953,南方都市报
2611643794,广州增城公安,1644489953,南方都市报
7454177482,张文宏医生,1644489953,南方都市报
5394206608,粉丝群,1644489953,南方都市报
7214104356,揭阳发布,1644489953,南方都市报
1686546714,环球网,1644489953,南方都市报
1675509012,央视网视频,1644489953,南方都市报
6362632222,小央视频,1644489953,南方都市报
5460202851,荆州发布,1644489953,南方都市报
2029906001,苏炳添,1644489953,南方都市报
2630028693,武汉中心医院,1644489953,南方都市报
2039753857,CCTV4,1644489953,南方都市报
2403752844,合肥发布,1644489953,南方都市报
2010639813,雅思官方微博,1644489953,南方都市报
3876101153,GRE考试官方社区,1644489953,南方都市报
5535971351,汕头发布,1644489953,南方都市报
1962787713,健康广东,1644489953,南方都市报
5601972391,健康山东,1644489953,南方都市报
3754192351,健康四川官微,1644489953,南方都市报
2700877354,北大呼吸发哥,1644489953,南方都市报
2834480301,健康中国,1644489953,南方都市报
7289344785,疾控科普,1644489953,南方都市报
5943595658,一手Video,1644489953,南方都市报
2334162530,1818黄金眼,1644489953,南方都市报
2817059020,中国地震台网,1644489953,南方都市报
7282830801,沸点国际,1644489953,南方都市报
1181382331,驻香港部队,1644489953,南方都市报
2209030102,柳青-滴滴,1644489953,南方都市报
5342220662,应急管理部,1644489953,南方都市报
6524697246,看看新闻在现场,1644489953,南方都市报
5145725878,沸点视频,1644489953,南方都市报
7307002224,国庆70周年活动新闻中心,1644489953,南方都市报
5174400490,微博钱包福利,1644489953,南方都市报
1649195742,央视新闻周刊,1644489953,南方都市报
6685357186,微博积分,1644489953,南方都市报
3044746573,秒拍,1644489953,南方都市报
5556545776,平安朝阳,1644489953,南方都市报
2746939653,点赞Video,1644489953,南方都市报
2328516855,中国警方在线,1644489953,南方都市报
3691155181,南方传媒人,1644489953,南方都市报
3563775165,宜宾发布,1644489953,南方都市报
6425113566,微博电商直播,1644489953,南方都市报
2355965410,南海网,1644489953,南方都市报
6011935645,四川省邑州监狱,1644489953,南方都市报
6383942032,广东交警,1644489953,南方都市报
1798176285,成都大熊猫繁育研究基地,1644489953,南方都市报
6369501744,封面新闻视频,1644489953,南方都市报
5617775353,全球拍视频,1644489953,南方都市报
5463794433,新京报动新闻,1644489953,南方都市报
5336533996,世面,1644489953,南方都市报
6002842109,时差视频,1644489953,南方都市报
1845864154,看看新闻KNEWS,1644489953,南方都市报
6004281123,梨视频,1644489953,南方都市报
2057327125,人民视频,1644489953,南方都市报
2882617115,头条文章,1644489953,南方都市报
3271857672,湖南高院,1644489953,南方都市报
3305295663,四平公安,1644489953,南方都市报
5568732825,扫黄打非,1644489953,南方都市报
2775872784,广东发布,1644489953,南方都市报
5953365159,淘宝吃货,1644489953,南方都市报
5136362277,微博红包,1644489953,南方都市报
6217683074,N视频,1644489953,南方都市报
1417678504,衡阳发布,1644489953,南方都市报
6336710565,微博任务,1644489953,南方都市报
6371852024,微博直播台,1644489953,南方都市报
3183107112,检察日报,1644489953,南方都市报
6180441117,智媒云图,1644489953,南方都市报
6124642021,新京报我们视频,1644489953,南方都市报
1821907411,联合国环境规划署,1644489953,南方都市报
6105713761,红星新闻,1644489953,南方都市报
5749860995,铀媒,1644489953,南方都市报
1726918143,中国青年报,1644489953,南方都市报
5743923782,微博会员小秘书,1644489953,南方都市报
6072764800,广州同城,1644489953,南方都市报
1778758223,新浪看点,1644489953,南方都市报
3941354960,定时微博小助手,1644489953,南方都市报
6321125183,艳光四射小幺鸡,1644489953,南方都市报
6317865213,你的面膜掉了,1644489953,南方都市报
6262504664,味刊,1644489953,南方都市报
1709286740,中国台湾网,1644489953,南方都市报
5072993985,是爱喝阔落的泡芙酱,1644489953,南方都市报
2650308722,小呆咖啡jqju,1644489953,南方都市报
5659484861,野生菌-小五,1644489953,南方都市报
1728860841,微博同城,1644489953,南方都市报
1701367442,平安南粤,1644489953,南方都市报
3952070245,范冰冰,1644489953,南方都市报
5796731205,一直播,1644489953,南方都市报
5878659096,超话社区,1644489953,南方都市报
2612249974,广州地铁,1644489953,南方都市报
1498396803,中国天气,1644489953,南方都市报
2850809427,微博钱包,1644489953,南方都市报
5149608258,工信微报,1644489953,南方都市报
5887581312,史蒂芬霍金_StephenHawking,1644489953,南方都市报
1288915263,平安北京,1644489953,南方都市报
3549916270,中国消防,1644489953,南方都市报
3901086023,广州海关12360,1644489953,南方都市报
zhengwuxueyuan,政务新媒体学院,1644489953,南方都市报
3752852352,政务应用助理,1644489953,南方都市报
1959182407,黑龙江晨报,1644489953,南方都市报
2342024544,ETtoday新聞雲,1644489953,南方都市报
1913382117,深圳晚报,1644489953,南方都市报
5186005040,南京邮电大学,1644489953,南方都市报
3506728370,春晚,1644489953,南方都市报
3260734291,瑞典驻华大使馆微博,1644489953,南方都市报
1887259304,支点财经,1644489953,南方都市报
1695801471,平安雷州,1644489953,南方都市报
3927469685,北京海淀法院,1644489953,南方都市报
1924558143,大参考,1644489953,南方都市报
1896650227,正义网,1644489953,南方都市报
5762454887,微博数据助手,1644489953,南方都市报
5000764997,自然资源部,1644489953,南方都市报
1893278624,深圳特区报,1644489953,南方都市报
1900330421,吴达镕,1644489953,南方都市报
5081509997,知呈,1644489953,南方都市报
2206820037,平安成都,1644489953,南方都市报
1649469284,新浪四川,1644489953,南方都市报
1663073073,华西社区报官博,1644489953,南方都市报
1879778060,武汉晚报,1644489953,南方都市报
1647687670,中国南方航空,1644489953,南方都市报
1987630007,法国驻华大使馆,1644489953,南方都市报
2740207591,三亚日报,1644489953,南方都市报
1796087453,荔枝新闻,1644489953,南方都市报
3227877383,娱乐最前线分享,1644489953,南方都市报
5581785513,微博抽奖平台,1644489953,南方都市报
3204782330,海南日报,1644489953,南方都市报
5710576016,媒体势力榜,1644489953,南方都市报
1113218211,江宁公安在线,1644489953,南方都市报
1068246700,南京零距离,1644489953,南方都市报
1650414555,西部网,1644489953,南方都市报
2827102952,湖北日报,1644489953,南方都市报
2543167654,宁德晚报,1644489953,南方都市报
1403611582,市场星报,1644489953,南方都市报
5524254784,TimCook,1644489953,南方都市报
2110401810,贵阳市城市管理局,1644489953,南方都市报
1838672663,华夏时报,1644489953,南方都市报
2024623547,央视一套,2568435544,宁波发布
1884488621,中国网直播,2568435544,宁波发布
1958345371,株洲发布,2568435544,宁波发布
5521606430,遵义发布,2568435544,宁波发布
2726922721,山西发布,2568435544,宁波发布
1701830693,CCTV今日说法,2568435544,宁波发布
5145725878,沸点视频,2568435544,宁波发布
2737798435,微言教育,2568435544,宁波发布
2117508734,中国气象局,2568435544,宁波发布
2996862314,浙江舟山高速交警,2568435544,宁波发布
3549916270,中国消防,2568435544,宁波发布
2264264700,健康浙江,2568435544,宁波发布
1927630053,NB云的眼睛,2568435544,宁波发布
5762454887,微博数据助手,2568435544,宁波发布
6269666440,宁波影视官博,2568435544,宁波发布
1660529411,气象知识,2568435544,宁波发布
2554172650,张大山l,2568435544,宁波发布
1784473157,中国新闻网,2568435544,宁波发布
5174400490,微博钱包福利,2568435544,宁波发布
2850809427,微博钱包,2568435544,宁波发布
2834480301,健康中国,2568435544,宁波发布
7289344785,疾控科普,2568435544,宁波发布
2049389352,新浪湖北,2568435544,宁波发布
5581785513,微博抽奖平台,2568435544,宁波发布
1744332207,钱江视频,2568435544,宁波发布
5219507869,宁波轨道交通运营,2568435544,宁波发布
3605212412,国网余姚市供电公司,2568435544,宁波发布
1286764730,暴走的蜗小牛,2568435544,宁波发布
3097688767,陕西发布,2568435544,宁波发布
2882617115,头条文章,2568435544,宁波发布
5075268316,浙江新闻客户端,2568435544,宁波发布
thepapernewsapp,澎湃新闻,2568435544,宁波发布
5228594091,天一阁博物院,2568435544,宁波发布
2788145605,CCTV生活提示,2568435544,宁波发布
1899910385,CCTV生活圈,2568435544,宁波发布
1750822455,CCTV5体育新闻,2568435544,宁波发布
1914259727,阿拉旅游杂志,2568435544,宁波发布
6838365839,宁波市残联,2568435544,宁波发布
1402977920,光明日报,2568435544,宁波发布
3142989514,宁波北仑气象,2568435544,宁波发布
1953215384,宁波小小周,2568435544,宁波发布
3921015143,央行微播,2568435544,宁波发布
renminwang,人民网,2568435544,宁波发布
2647277941,鄞州教育,2568435544,宁波发布
3757167087,西安发布,2568435544,宁波发布
3288308313,宁波市保国寺古建筑博物馆,2568435544,宁波发布
2014034660,乐游上海,2568435544,宁波发布
5084348895,李玲_静诛,2568435544,宁波发布
1815325932,龚国荣宁波,2568435544,宁波发布
3820915207,宁波市供销社,2568435544,宁波发布
2015108055,中央气象台,2568435544,宁波发布
2245907352,宁波市运管局,2568435544,宁波发布
3877334254,四明首镇-鄞江镇,2568435544,宁波发布
cctvcaijing,央视财经,2568435544,宁波发布
5000609535,中国政府网,2568435544,宁波发布
3178383060,东海沙子,2568435544,宁波发布
3937348351,共青团中央,2568435544,宁波发布
3295880653,教育之江,2568435544,宁波发布
2909357310,鄞州区行政服务中心,2568435544,宁波发布
2540513160,宁波教育考试,2568435544,宁波发布
6041743024,宁波图书馆,2568435544,宁波发布
2588129592,宁波交通运输局,2568435544,宁波发布
2974021672,江北教育体育,2568435544,宁波发布
1778758223,新浪看点,2568435544,宁波发布
1691724254,清博大数据,2568435544,宁波发布
1699432410,新华视点,2568435544,宁波发布
2236017620,PS教程网,2568435544,宁波发布
3682262094,人文庄市,2568435544,宁波发布
2119628851,中国文明网,2568435544,宁波发布
1911502981,CCTV9纪录,2568435544,宁波发布
1683472727,央广网,2568435544,宁波发布
1708763410,浙江日报,2568435544,宁波发布
1595408944,余姚交管,2568435544,宁波发布
1026131835,宁波慈城古县城,2568435544,宁波发布
1634460045,奉化交警,2568435544,宁波发布
5292805340,慈溪交警,2568435544,宁波发布
2626932990,北仑交通,2568435544,宁波发布
3497502491,象山县交通运输局,2568435544,宁波发布
5279514376,嘉兴发布,2568435544,宁波发布
2392207942,义乌发布,2568435544,宁波发布
5219022556,金华发布,2568435544,宁波发布
5184397402,江干发布,2568435544,宁波发布
3036853453,杭州最热门,2568435544,宁波发布
2126031004,余姚市自来水有限公司,2568435544,宁波发布
3948713134,日食记,2568435544,宁波发布
5209171085,绍兴发布,2568435544,宁波发布
5211979483,杭州发布,2568435544,宁波发布
1498396803,中国天气,2568435544,宁波发布
1739860177,中国气象,2568435544,宁波发布
3941354960,定时微博小助手,2568435544,宁波发布
3238852074,舌尖上的寧波,2568435544,宁波发布
3226953442,宁波闲置转让,2568435544,宁波发布
6068931077,宁波同城,2568435544,宁波发布
2611492002,奉化日报,2568435544,宁波发布
6202551320,男士Fashion搭配,2568435544,宁波发布
5743923782,微博会员小秘书,2568435544,宁波发布
2671670131,平安诸暨,2568435544,宁波发布
5361707226,诸暨发布,2568435544,宁波发布
1787920531,新华社中国网事,2568435544,宁波发布
2660609883,北仑公安,2568435544,宁波发布
3271900050,宁波垃圾分类,2568435544,宁波发布
1917050314,浙江天气,2568435544,宁波发布
1774057271,生命时报,2568435544,宁波发布
5878659096,超话社区,2568435544,宁波发布
2993049293,央视体育,2568435544,宁波发布
3587960280,粉丝头条官方微博,2568435544,宁波发布
2867253722,宁波市妇儿医院,2568435544,宁波发布
5918987931,公安部儿童失踪信息紧急发布平台,2568435544,宁波发布
3960037780,微热点,2568435544,宁波发布
zhengwuxueyuan,政务新媒体学院,2568435544,宁波发布
3752852352,政务应用助理,2568435544,宁波发布
3042943510,宁波公交集团,2568435544,宁波发布
2715025067,微博会员,2568435544,宁波发布
5056920402,宁波市出租汽车电召中心,2568435544,宁波发布
5644433237,政务风云榜,2568435544,宁波发布
1767760462,新浪宁波,2568435544,宁波发布
2756407913,郭不帅叔叔,2568435544,宁波发布
5394206608,粉丝群,2568435544,宁波发布
5084303933,宁波一院,2568435544,宁波发布
5221208773,浙江人社,2568435544,宁波发布
2393507251,政务直通车,2568435544,宁波发布
3063939811,宁波梁祝文化园,2568435544,宁波发布
1895431523,大公報-大公網,2568435544,宁波发布
2380039314,宁波阳光热线,2568435544,宁波发布
3175165444,喜憨儿之家,2568435544,宁波发布
5131766197,浙江发布,2568435544,宁波发布
2848929290,商务微新闻,2568435544,宁波发布
2733005892,宁波集邮,2568435544,宁波发布
5130340593,宁波轨道公安,2568435544,宁波发布
2282003904,Focus_聚焦,2568435544,宁波发布
2855112664,鼓楼沿历史文化街区,2568435544,宁波发布
1929638045,现代金报,2568435544,宁波发布
5103303653,宁波舟山港集团,2568435544,宁波发布
3888868099,宁波通公交地图,2568435544,宁波发布
2418432711,南昌发布,2568435544,宁波发布
2659653184,宁波市非遗保护中心,2568435544,宁波发布
3952253521,宁波市环境保护促进会,2568435544,宁波发布
3618031617,宁波文化广场大剧院,2568435544,宁波发布
1115099077,慈溪教育,2568435544,宁波发布
2588365140,文明浙江,2568435544,宁波发布
3732489542,镇海澥浦,2568435544,宁波发布
3024860547,宁波通讯杂志社,2568435544,宁波发布
3977814580,中国石化镇海炼化公司,2568435544,宁波发布
2817054130,慈溪卫生,2568435544,宁波发布
2810373291,新华网,2568435544,宁波发布
2642474143,温岭发布,2568435544,宁波发布
3952254543,甬说,2568435544,宁波发布
2698146894,河北新闻网,2568435544,宁波发布
1744928270,宁海新闻网,2568435544,宁波发布
3904738515,NBTV-2爱时尚,2568435544,宁波发布
1972494051,舟山发布,2568435544,宁波发布
2197655394,宁波科学探索中心,2568435544,宁波发布
1891728674,宁波公共自行车公司,2568435544,宁波发布
1905843503,四川发布,2568435544,宁波发布
2998045524,苏州发布,2568435544,宁波发布
2696049583,无锡发布,2568435544,宁波发布
3458964092,河姆古镇,2568435544,宁波发布
2074687971,中国徐霞客开游节,2568435544,宁波发布
3710626600,宁波石化开发区,2568435544,宁波发布
3246583502,千年临山卫,2568435544,宁波发布
3171174382,精诚统计,2568435544,宁波发布
2430831214,甬尚美食,2568435544,宁波发布
3095886061,慈溪妇联,2568435544,宁波发布
3209032134,大榭海事,2568435544,宁波发布
3620643917,河姆渡遗址博物馆,2568435544,宁波发布
1963707391,中国港口博物馆,2568435544,宁波发布
3492727697,北仑区发改局,2568435544,宁波发布
1110574267,象山海洋与渔业,2568435544,宁波发布
2416800342,镇海招商,2568435544,宁波发布
1950081077,宁波溪口雪窦山,2568435544,宁波发布
3572538137,宁波群众路线教育实践,2568435544,宁波发布
1900161512,北仑人才,2568435544,宁波发布
3535165334,宁波食安办,2568435544,宁波发布
3561598163,宁波民生e点通,2568435544,宁波发布
2856019417,江北残联,2568435544,宁波发布
3163716062,余姚教育,2568435544,宁波发布
3430193934,北仑科技,2568435544,宁波发布
2541592687,新疆发布,2568435544,宁波发布
3229744013,宁波江北人社局,2568435544,宁波发布
3202531524,宁波市港航局,2568435544,宁波发布
2197709592,宁波财经学院,2568435544,宁波发布
2928822592,宁波江北卫生,2568435544,宁波发布
2477986494,宁波江北疾控,2568435544,宁波发布
3047541217,知礼网,2568435544,宁波发布
1132639825,浒山发布,2568435544,宁波发布
3202579844,江北经社联,2568435544,宁波发布
2395200470,宁波献血,2568435544,宁波发布
2342610415,影视剧未央,6371852024,微博直播台
5597175755,娱蜀黍,6371852024,微博直播台
1878335471,新浪综艺,6371852024,微博直播台
5103645868,星闻揭秘,6371852024,微博直播台
5471534537,娱闻少女,6371852024,微博直播台
1836328652,前线娱乐,6371852024,微博直播台
5939911735,中国好声音,6371852024,微博直播台
5167503212,贵州日报官微,6371852024,微博直播台
1498396803,中国天气,6371852024,微博直播台
renminwang,人民网,6371852024,微博直播台
1730853610,亚洲电影大奖学院,6371852024,微博直播台
3697271680,南充之声,6371852024,微博直播台
3506728370,春晚,6371852024,微博直播台
6606217935,微博蓝V视频,6371852024,微博直播台
6605304612,微博放映厅,6371852024,微博直播台
1644114654,新京报,6371852024,微博直播台
3941354960,定时微博小助手,6371852024,微博直播台
1638782947,新浪财经,6371852024,微博直播台
6290063701,只有爱戏剧幻城,6371852024,微博直播台
2110705772,微博综艺,6371852024,微博直播台
1708368735,国家大剧院,6371852024,微博直播台
1111681197,来去之间,6371852024,微博直播台
1686546714,环球网,6371852024,微博直播台
1618051664,头条新闻,6371852024,微博直播台
thepapernewsapp,澎湃新闻,6371852024,微博直播台
3252743925,微博音乐,6371852024,微博直播台
7459478694,暖_场,6371852024,微博直播台
5581785513,微博抽奖平台,6371852024,微博直播台
5878659096,超话社区,6371852024,微博直播台
7454177482,张文宏医生,6371852024,微博直播台
2850809427,微博钱包,6371852024,微博直播台
5182575519,微博打赏,6371852024,微博直播台
5743923782,微博会员小秘书,6371852024,微博直播台
2715025067,微博会员,6371852024,微博直播台
6336710565,微博任务,6371852024,微博直播台
3587960280,粉丝头条官方微博,6371852024,微博直播台
cctvxinwen,央视新闻,6371852024,微博直播台
3173633817,CGTN,6371852024,微博直播台
2993049293,央视体育,6371852024,微博直播台
2810373291,新华网,6371852024,微博直播台
1819318401,央视网体育,6371852024,微博直播台
6040549176,究竟视频,6371852024,微博直播台
rmrb,人民日报,6371852024,微博直播台
1988602094,警视,7316361186,广州禁毒
6371852024,微博直播台,7316361186,广州禁毒
5762454887,微博数据助手,7316361186,广州禁毒
2328516855,中国警方在线,7316361186,广州禁毒
5681918507,海南警方,7316361186,广州禁毒
5104880035,科普中国,7316361186,广州禁毒
5140353001,人民公安报,7316361186,广州禁毒
2280198017,解放军报,7316361186,广州禁毒
2810373291,新华网,7316361186,广州禁毒
1699432410,新华视点,7316361186,广州禁毒
renminwang,人民网,7316361186,广州禁毒
cctvcaijing,央视财经,7316361186,广州禁毒
2334162530,1818黄金眼,7316361186,广州禁毒
1885454921,蓝鲸财经记者工作平台,7316361186,广州禁毒
3941354960,定时微博小助手,7316361186,广州禁毒
2605594314,中国广州发布,7316361186,广州禁毒
5872836496,湖北禁毒626,7316361186,广州禁毒
2508901184,温州禁毒,7316361186,广州禁毒
1684452940,新浪广东,7316361186,广州禁毒
1701367442,平安南粤,7316361186,广州禁毒
2710217845,北京禁毒,7316361186,广州禁毒
cctvxinwen,央视新闻,7316361186,广州禁毒
rmrb,人民日报,7316361186,广州禁毒
1859428970,中国警察网,7316361186,广州禁毒
2532700305,广州市政府新闻办,7316361186,广州禁毒
1796542650,广州交警,7316361186,广州禁毒
1644489953,南方都市报,7316361186,广州禁毒
5703799536,中国禁毒在线,7316361186,广州禁毒
1722022490,广州公安,7316361186,广州禁毒
2053061043,微博政务,7316361186,广州禁毒
3928511449,交通发布,1644489953,南方都市报
3938812452,广东电网,1644489953,南方都市报
2074685151,侵华日军南京大屠杀遇难同胞纪念馆,1644489953,南方都市报
6380644334,蟹视频,1644489953,南方都市报
1989519725,Johnny黄景瑜,1644489953,南方都市报
7419678919,临潼融媒体,1644489953,南方都市报
2253771810,西安地铁运营分公司,1644489953,南方都市报
2493592183,警民直通车-上海,1644489953,南方都市报
1523766213,成都发布,1644489953,南方都市报
5476386628,侠客岛,1644489953,南方都市报
1908194624,红星视频,1644489953,南方都市报
1267454277,凤凰周刊,1644489953,南方都市报
7524392184,理塘丁真,1644489953,南方都市报
3908755088,最高人民法院,1644489953,南方都市报
2524037914,英国驻重庆总领事馆,1644489953,南方都市报
5183309747,微博内容创作中心,1644489953,南方都市报
1704846507,一九八四丰臻,1644489953,南方都市报
2539961154,上海发布,1644489953,南方都市报
6418480627,星视频,1644489953,南方都市报
2815663917,黑龙江日报,1644489953,南方都市报
3164957712,中国网,1644489953,南方都市报
1871802012,深圳天气,1644489953,南方都市报
3508612897,京法网事,1644489953,南方都市报
2538642904,云南消防,1644489953,南方都市报
7281470213,四度视频,1644489953,南方都市报
3266943013,央视网,1644489953,南方都市报
3631300042,河源消防,1644489953,南方都市报
2290748247,江门消防,1644489953,南方都市报
1699377733,公安主持人,1644489953,南方都市报
2216688114,深圳消防,1644489953,南方都市报
1648881725,珠海消防,1644489953,南方都市报
2379979684,东莞消防,1644489953,南方都市报
1960263644,湛江消防,1644489953,南方都市报
2143914072,广州消防,1644489953,南方都市报
2113463832,广东消防,1644489953,南方都市报
1904947977,天山网,1644489953,南方都市报
2501519087,公安部交通管理局,1644489953,南方都市报
1854829951,江苏大学,1644489953,南方都市报
7285171577,一人茶餐廳,1644489953,南方都市报
5347795977,青蜂侠Bee,1644489953,南方都市报
6393904893,燃新闻,1644489953,南方都市报
1951123110,紧急呼叫,1644489953,南方都市报
7467277921,漩涡视频,1644489953,南方都市报
1444865141,马伯庸,1644489953,南方都市报
2481441215,大米Video,1644489953,南方都市报
3203137375,四川观察,1644489953,南方都市报
7311766582,我是衝鋒隊小陳,1644489953,南方都市报
2480172345,香港光頭警長,1644489953,南方都市报
1301904252,江苏新闻,1644489953,南方都市报
cctvxinwen,央视新闻,1644489953,南方都市报
5461853682,中国军视网,1644489953,南方都市报
1998825193,广州越秀公安,1644489953,南方都市报
7360594450,海客新闻,1644489953,南方都市报
3057540037,人民日报海外版-海外网,1644489953,南方都市报
6040549176,究竟视频,1644489953,南方都市报
3471850792,何君堯JuniusHo,1644489953,南方都市报
2409482243,未来网,1644489953,南方都市报
2201143732,平安丹东,1644489953,南方都市报
6067873008,国家邮政局,1644489953,南方都市报
rmrb,人民日报,1644489953,南方都市报
1305805993,CCTV生命线,1644489953,南方都市报
2611643794,广州增城公安,1644489953,南方都市报
7454177482,张文宏医生,1644489953,南方都市报
5394206608,粉丝群,1644489953,南方都市报
7214104356,揭阳发布,1644489953,南方都市报
1686546714,环球网,1644489953,南方都市报
1675509012,央视网视频,1644489953,南方都市报
6362632222,小央视频,1644489953,南方都市报
5460202851,荆州发布,1644489953,南方都市报
2029906001,苏炳添,1644489953,南方都市报
2630028693,武汉中心医院,1644489953,南方都市报
2039753857,CCTV4,1644489953,南方都市报
2403752844,合肥发布,1644489953,南方都市报
2010639813,雅思官方微博,1644489953,南方都市报
3876101153,GRE考试官方社区,1644489953,南方都市报
5535971351,汕头发布,1644489953,南方都市报
1962787713,健康广东,1644489953,南方都市报
5601972391,健康山东,1644489953,南方都市报
3754192351,健康四川官微,1644489953,南方都市报
2700877354,北大呼吸发哥,1644489953,南方都市报
2834480301,健康中国,1644489953,南方都市报
7289344785,疾控科普,1644489953,南方都市报
5943595658,一手Video,1644489953,南方都市报
2334162530,1818黄金眼,1644489953,南方都市报
2817059020,中国地震台网,1644489953,南方都市报
7282830801,沸点国际,1644489953,南方都市报
1181382331,驻香港部队,1644489953,南方都市报
2209030102,柳青-滴滴,1644489953,南方都市报
5342220662,应急管理部,1644489953,南方都市报
6524697246,看看新闻在现场,1644489953,南方都市报
5145725878,沸点视频,1644489953,南方都市报
7307002224,国庆70周年活动新闻中心,1644489953,南方都市报
5174400490,微博钱包福利,1644489953,南方都市报
1649195742,央视新闻周刊,1644489953,南方都市报
6685357186,微博积分,1644489953,南方都市报
3044746573,秒拍,1644489953,南方都市报
5556545776,平安朝阳,1644489953,南方都市报
2746939653,点赞Video,1644489953,南方都市报
2328516855,中国警方在线,1644489953,南方都市报
3691155181,南方传媒人,1644489953,南方都市报
3563775165,宜宾发布,1644489953,南方都市报
6425113566,微博电商直播,1644489953,南方都市报
2355965410,南海网,1644489953,南方都市报
6011935645,四川省邑州监狱,1644489953,南方都市报
6383942032,广东交警,1644489953,南方都市报
1798176285,成都大熊猫繁育研究基地,1644489953,南方都市报
6369501744,封面新闻视频,1644489953,南方都市报
5617775353,全球拍视频,1644489953,南方都市报
5463794433,新京报动新闻,1644489953,南方都市报
5336533996,世面,1644489953,南方都市报
6002842109,时差视频,1644489953,南方都市报
1845864154,看看新闻KNEWS,1644489953,南方都市报
6004281123,梨视频,1644489953,南方都市报
2057327125,人民视频,1644489953,南方都市报
2882617115,头条文章,1644489953,南方都市报
3271857672,湖南高院,1644489953,南方都市报
3305295663,四平公安,1644489953,南方都市报
5568732825,扫黄打非,1644489953,南方都市报
2775872784,广东发布,1644489953,南方都市报
5953365159,淘宝吃货,1644489953,南方都市报
5136362277,微博红包,1644489953,南方都市报
6217683074,N视频,1644489953,南方都市报
1417678504,衡阳发布,1644489953,南方都市报
6336710565,微博任务,1644489953,南方都市报
6371852024,微博直播台,1644489953,南方都市报
3183107112,检察日报,1644489953,南方都市报
6180441117,智媒云图,1644489953,南方都市报
6124642021,新京报我们视频,1644489953,南方都市报
1821907411,联合国环境规划署,1644489953,南方都市报
6105713761,红星新闻,1644489953,南方都市报
5749860995,铀媒,1644489953,南方都市报
1726918143,中国青年报,1644489953,南方都市报
5743923782,微博会员小秘书,1644489953,南方都市报
6072764800,广州同城,1644489953,南方都市报
1778758223,新浪看点,1644489953,南方都市报
3941354960,定时微博小助手,1644489953,南方都市报
6321125183,艳光四射小幺鸡,1644489953,南方都市报
6317865213,你的面膜掉了,1644489953,南方都市报
6262504664,味刊,1644489953,南方都市报
1709286740,中国台湾网,1644489953,南方都市报
5072993985,是爱喝阔落的泡芙酱,1644489953,南方都市报
2650308722,小呆咖啡jqju,1644489953,南方都市报
5659484861,野生菌-小五,1644489953,南方都市报
1728860841,微博同城,1644489953,南方都市报
1701367442,平安南粤,1644489953,南方都市报
3952070245,范冰冰,1644489953,南方都市报
5796731205,一直播,1644489953,南方都市报
5878659096,超话社区,1644489953,南方都市报
2612249974,广州地铁,1644489953,南方都市报
1498396803,中国天气,1644489953,南方都市报
2850809427,微博钱包,1644489953,南方都市报
5149608258,工信微报,1644489953,南方都市报
5887581312,史蒂芬霍金_StephenHawking,1644489953,南方都市报
1288915263,平安北京,1644489953,南方都市报
3549916270,中国消防,1644489953,南方都市报
3901086023,广州海关12360,1644489953,南方都市报
zhengwuxueyuan,政务新媒体学院,1644489953,南方都市报
3752852352,政务应用助理,1644489953,南方都市报
1959182407,黑龙江晨报,1644489953,南方都市报
2342024544,ETtoday新聞雲,1644489953,南方都市报
1913382117,深圳晚报,1644489953,南方都市报
5186005040,南京邮电大学,1644489953,南方都市报
3506728370,春晚,1644489953,南方都市报
3260734291,瑞典驻华大使馆微博,1644489953,南方都市报
1887259304,支点财经,1644489953,南方都市报
1695801471,平安雷州,1644489953,南方都市报
3927469685,北京海淀法院,1644489953,南方都市报
1924558143,大参考,1644489953,南方都市报
1896650227,正义网,1644489953,南方都市报
5762454887,微博数据助手,1644489953,南方都市报
5000764997,自然资源部,1644489953,南方都市报
1893278624,深圳特区报,1644489953,南方都市报
1900330421,吴达镕,1644489953,南方都市报
5081509997,知呈,1644489953,南方都市报
2206820037,平安成都,1644489953,南方都市报
1649469284,新浪四川,1644489953,南方都市报
1663073073,华西社区报官博,1644489953,南方都市报
1879778060,武汉晚报,1644489953,南方都市报
1647687670,中国南方航空,1644489953,南方都市报
1987630007,法国驻华大使馆,1644489953,南方都市报
2740207591,三亚日报,1644489953,南方都市报
1796087453,荔枝新闻,1644489953,南方都市报
3227877383,娱乐最前线分享,1644489953,南方都市报
5581785513,微博抽奖平台,1644489953,南方都市报
3204782330,海南日报,1644489953,南方都市报
5710576016,媒体势力榜,1644489953,南方都市报
1113218211,江宁公安在线,1644489953,南方都市报
1068246700,南京零距离,1644489953,南方都市报
1650414555,西部网,1644489953,南方都市报
2827102952,湖北日报,1644489953,南方都市报
2543167654,宁德晚报,1644489953,南方都市报
1403611582,市场星报,1644489953,南方都市报
5524254784,TimCook,1644489953,南方都市报
2110401810,贵阳市城市管理局,1644489953,南方都市报
1838672663,华夏时报,1644489953,南方都市报
5336533996,世面,5460202851,荆州发布
3978535098,水均益,5460202851,荆州发布
1612188637,傅玉辉,5460202851,荆州发布
1225712967,任孟山,5460202851,荆州发布
1193210930,评论员曹林,5460202851,荆州发布
1877509425,陈昌凤,5460202851,荆州发布
1003763994,喻国明,5460202851,荆州发布
1665826811,张志安,5460202851,荆州发布
1300296900,西羌笛韵,5460202851,荆州发布
1400852211,胡泳,5460202851,荆州发布
2431328567,微博热点,5460202851,荆州发布
31082304,周晓鹏,5460202851,荆州发布
1411111864,陈永东,5460202851,荆州发布
2812762002,微播荆州,5460202851,荆州发布
2129452154,三峡日报,5460202851,荆州发布
5762454887,微博数据助手,5460202851,荆州发布
6715252094,五环短视频,5460202851,荆州发布
1919291765,武汉铁路,5460202851,荆州发布
1464464715,湖北药品监管,5460202851,荆州发布
7201659937,荆州一医,5460202851,荆州发布
7211561239,央视频,5460202851,荆州发布
gzdaily,广州日报,5460202851,荆州发布
2703419987,共青团广安市委,5460202851,荆州发布
1997404651,孝感发布,5460202851,荆州发布
1962787713,健康广东,5460202851,荆州发布
1343370153,湖北交警,5460202851,荆州发布
1926786203,湖北卫视,5460202851,荆州发布
3369278302,武汉来了,5460202851,荆州发布
2998045524,苏州发布,5460202851,荆州发布
1718699234,四川共青团,5460202851,荆州发布
2113792964,平安随州,5460202851,荆州发布
1764404507,中山日报,5460202851,荆州发布
2014046445,茂名网微博,5460202851,荆州发布
1895096900,深圳新闻网,5460202851,荆州发布
1682207150,南方日报,5460202851,荆州发布
2517950371,新浪海南,5460202851,荆州发布
1684452940,新浪广东,5460202851,荆州发布
1644489953,南方都市报,5460202851,荆州发布
6897487817,荆州方特,5460202851,荆州发布
6685357186,微博积分,5460202851,荆州发布
6461056292,冰蓝Foto,5460202851,荆州发布
1878335471,新浪综艺,5460202851,荆州发布
2445582815,今天WB倒闭了吗,5460202851,荆州发布
1906874803,锦绣青羊,5460202851,荆州发布
2164623652,文旅成都,5460202851,荆州发布
2660770485,于虎,5460202851,荆州发布
2140227493,天天美食推荐,5460202851,荆州发布
2586409491,娱乐圈吃瓜指南,5460202851,荆州发布
6550378067,吃瓜吃到自己家,5460202851,荆州发布
6302225387,棱镜深网-腾讯新闻,5460202851,荆州发布
2035428610,青春龙泉驿,5460202851,荆州发布
2011899834,微博大邑,5460202851,荆州发布
2093171887,看金牛,5460202851,荆州发布
3142846247,浙江团省委,5460202851,荆州发布
1919999491,天府龙泉,5460202851,荆州发布
1803921393,九寨沟管理局,5460202851,荆州发布
1770545650,柳州公安,5460202851,荆州发布
2389641745,AI财经社,5460202851,荆州发布
5612988933,开卷有理,5460202851,荆州发布
3316876605,天津南开消防,5460202851,荆州发布
2139684615,文明成都,5460202851,荆州发布
1141311647,公益阳光,5460202851,荆州发布
3469830734,空港融媒,5460202851,荆州发布
1850649324,证券之星官方微博,5460202851,荆州发布
5881057855,莫愁有料,5460202851,荆州发布
2258800230,武汉城管,5460202851,荆州发布
3563775165,宜宾发布,5460202851,荆州发布
1800334241,武汉市小动物保护协会,5460202851,荆州发布
1749991615,共同观察,5460202851,荆州发布
1908194624,红星视频,5460202851,荆州发布
2087875965,法制网,5460202851,荆州发布
2560182670,吃货爱做饭,5460202851,荆州发布
6768303733,拍者Partner,5460202851,荆州发布
5031370492,淮南治安在线,5460202851,荆州发布
6452231600,NBD视频,5460202851,荆州发布
1668285003,兰州公安,5460202851,荆州发布
1980158787,重庆游探长,5460202851,荆州发布
2118596352,武当山,5460202851,荆州发布
1930015301,武汉经侦,5460202851,荆州发布
2117691243,共青团内丘县委,5460202851,荆州发布
1702183970,醉美邛崃,5460202851,荆州发布
1191965271,三联生活周刊,5460202851,荆州发布
1906385094,浙视频,5460202851,荆州发布
5568732825,扫黄打非,5460202851,荆州发布
2655326001,移动行业观察,5460202851,荆州发布
2537441860,正义随州,5460202851,荆州发布
2258717480,江苏消防,5460202851,荆州发布
5328345103,广西政法,5460202851,荆州发布
1773324324,IT科技数码达人,5460202851,荆州发布
1686546714,环球网,5460202851,荆州发布
1849823205,钱堃,5460202851,荆州发布
2979572782,武汉地铁公安,5460202851,荆州发布
5157325535,攀枝花盐边公安,5460202851,荆州发布
1765651587,天府双流,5460202851,荆州发布
2268916473,正和岛标准,5460202851,荆州发布
5104880035,科普中国,5460202851,荆州发布
5780974966,柴知道,5460202851,荆州发布
1789272910,纪实人文频道,5460202851,荆州发布
3980096715,格致论道讲坛,5460202851,荆州发布
2682718693,mimima99,5460202851,荆州发布
5031100920,公安部刑侦局,5460202851,荆州发布
3305295663,四平公安,5460202851,荆州发布
3173633817,CGTN,5460202851,荆州发布
1974566902,随手拍分享厦门美食,5460202851,荆州发布
1907166177,一个有点理想的记者,5460202851,荆州发布
2712601544,香港衛視HKS,5460202851,荆州发布
1742115232,中国新疆,5460202851,荆州发布
2355658474,重庆共青团,5460202851,荆州发布
1967130564,湖北高速交警钟祥大队,5460202851,荆州发布
2749360471,震长,5460202851,荆州发布
1822206482,金堂发布,5460202851,荆州发布
2639597515,西城男孩WestLife,5460202851,荆州发布
1222135407,中国国家地理,5460202851,荆州发布
1965683690,新都资讯,5460202851,荆州发布
3591355593,Mr_凡先生,5460202851,荆州发布
1918679231,品位锦江,5460202851,荆州发布
1941403974,银川西夏陵区管理处,5460202851,荆州发布
3243067320,猫财经,5460202851,荆州发布
1195054531,博物杂志,5460202851,荆州发布
2103981667,左右江南,5460202851,荆州发布
6115560351,国是直通车,5460202851,荆州发布
3334017434,合肥消防,5460202851,荆州发布
1975395992,峨眉山景区,5460202851,荆州发布
3515639462,科技日报,5460202851,荆州发布
2451903763,洛阳消防,5460202851,荆州发布
5733103353,安徽省人民政府网,5460202851,荆州发布
1909250714,双流网,5460202851,荆州发布
3149831401,成都科技,5460202851,荆州发布
1107560787,原烽_BOE,5460202851,荆州发布
3041811991,浙商卢献星V,5460202851,荆州发布
5049932665,天府发布,5460202851,荆州发布
5909132222,长春游记,5460202851,荆州发布
1906820667,12321举报中心,5460202851,荆州发布
2883768444,青羊共青团,5460202851,荆州发布
2311077472,证券日报之声,5460202851,荆州发布
2772291221,见闻实时新闻,5460202851,荆州发布
6050873094,朵一,5460202851,荆州发布
5541011958,人民日报全国党媒平台,5460202851,荆州发布
2523559342,平安东湖,5460202851,荆州发布
1844275747,成都青白江,5460202851,荆州发布
1633843891,何珊瑶,5460202851,荆州发布
1931366605,文静的文,5460202851,荆州发布
2719969734,上海宝山发布,5460202851,荆州发布
1929832665,今日台湾,5460202851,荆州发布
3691429862,健身养生,5460202851,荆州发布
2626472827,陇南发布,5460202851,荆州发布
5910318002,故事里的中国,5460202851,荆州发布
6535805862,市说新语,5460202851,荆州发布
1655363172,故宫博物院,5460202851,荆州发布
3217179555,回忆专用小马甲,5460202851,荆州发布
6875057375,荆州方特东方神画,5460202851,荆州发布
2677589285,谌龙,5460202851,荆州发布
6280041263,老邪说电影,5460202851,荆州发布
2415848337,带着微博去旅行,5460202851,荆州发布
5357651574,粉丝红包,5460202851,荆州发布
5581785513,微博抽奖平台,5460202851,荆州发布
6389836497,武汉军运会,5460202851,荆州发布
2049416014,湖北旅游,5460202851,荆州发布
1846816274,人民日报评论,5460202851,荆州发布
1231343374,Frozen影像,5460202851,荆州发布
1856404484,凤凰网科技,5460202851,荆州发布
3732846850,监利交警大队,5460202851,荆州发布
5078700027,世界卫生组织,5460202851,荆州发布
3606844282,微博兰州,5460202851,荆州发布
1002410351,兰州晚报,5460202851,荆州发布
3201440542,兰州日报,5460202851,荆州发布
2626472787,兰州发布,5460202851,荆州发布
1806910981,美食和旅行,5460202851,荆州发布
5596811633,长江大学,5460202851,荆州发布
2345158780,平安石首,5460202851,荆州发布
renminwang,人民网,5460202851,荆州发布
6336710565,微博任务,5460202851,荆州发布
1885454921,蓝鲸财经记者工作平台,5460202851,荆州发布
5796731205,一直播,5460202851,荆州发布
2882617115,头条文章,5460202851,荆州发布
6020086612,抖音,5460202851,荆州发布
6457544500,荆州高警江北大队,5460202851,荆州发布
1826792401,王思聪,5460202851,荆州发布
6371852024,微博直播台,5460202851,荆州发布
2807295185,话题,5460202851,荆州发布
5936018176,超话小秘书,5460202851,荆州发布
6514631760,监利政务,5460202851,荆州发布
1784473157,中国新闻网,5460202851,荆州发布
5000609535,中国政府网,5460202851,荆州发布
2790685082,湖北省政府门户网站,5460202851,荆州发布
5726348234,荆州市流浪小动物保护中心,5460202851,荆州发布
1699432410,新华视点,5460202851,荆州发布
3931761389,竹柏影错,5460202851,荆州发布
5713450386,文旅之声,5460202851,荆州发布
rmrb,人民日报,5460202851,荆州发布
1955957617,张新成,5460202851,荆州发布
2360812967,李现ing,5460202851,荆州发布
2826235980,今日孱陵,5460202851,荆州发布
6440635200,洪湖发布,5460202851,荆州发布
5685858421,健康养生日志,5460202851,荆州发布
1356061725,荆州日报记者刘洁,5460202851,荆州发布
6352935417,湖北荆州高警江南大队,5460202851,荆州发布
2752396553,国资小新,5729035708,读懂中国
5581785513,微博抽奖平台,5729035708,读懂中国
3680813073,枫树的叶,5729035708,读懂中国
5998651033,梅子迷糊,5729035708,读懂中国
2715025067,微博会员,5729035708,读懂中国
5743923782,微博会员小秘书,5729035708,读懂中国
3173633817,CGTN,5729035708,读懂中国
3587960280,粉丝头条官方微博,5729035708,读懂中国
6371852024,微博直播台,5729035708,读懂中国
2882617115,头条文章,5729035708,读懂中国
1665000315,强国论坛,5729035708,读懂中国
1168968415,国际锐评,5729035708,读懂中国
1699432410,新华视点,5729035708,读懂中国
5824416328,博古睿研究院BI,5729035708,读懂中国
6617769325,国创之声,5729035708,读懂中国
rmrb,人民日报,5729035708,读懂中国
2605594314,中国广州发布,5729035708,读懂中国
gzdaily,广州日报,5729035708,读懂中国
cctvxinwen,央视新闻,5729035708,读懂中国
2565811051,民政微语,5729035708,读懂中国
5000609535,中国政府网,5729035708,读懂中国
2752396553,国资小新,2028810631,新浪新闻
5000764997,自然资源部,2028810631,新浪新闻
7518615348,头号青年,2028810631,新浪新闻
3059104773,法职_庞九林律师,2028810631,新浪新闻
2318910945,新浪新闻客户端,2028810631,新浪新闻
5611828017,粉丝通加油站,2028810631,新浪新闻
6371852024,微博直播台,2028810631,新浪新闻
1708763410,浙江日报,2028810631,新浪新闻
2171757642,浙江新闻频道,2028810631,新浪新闻
1718259005,浙江之声,2028810631,新浪新闻
1644358851,杭州日报,2028810631,新浪新闻
1395622123,浙样红TV,2028810631,新浪新闻
2769885021,中新视频,2028810631,新浪新闻
1676317545,清华大学,2028810631,新浪新闻
2481441215,大米Video,2028810631,新浪新闻
1215862823,杨迪,2028810631,新浪新闻
7211561239,央视频,2028810631,新浪新闻
rmrb,人民日报,2028810631,新浪新闻
7262819693,胡宾果Bingo,2028810631,新浪新闻
2212188093,猪小屁之家,2028810631,新浪新闻
6490792830,小编的那点事,2028810631,新浪新闻
3937348351,共青团中央,2028810631,新浪新闻
1788911247,谷大白话,2028810631,新浪新闻
3957575576,_genghuan,2028810631,新浪新闻
3021514657,Redmi红米手机,2028810631,新浪新闻
6453988165,绿洲,2028810631,新浪新闻
3549916270,中国消防,2028810631,新浪新闻
1642591402,新浪娱乐,2028810631,新浪新闻
6529876887,老师好我叫何同学,2028810631,新浪新闻
6617213711,realme真我手机,2028810631,新浪新闻
2882617115,头条文章,2028810631,新浪新闻
6131201393,娱乐圈彩蛋,2028810631,新浪新闻
5286162383,井上大柱,2028810631,新浪新闻
5943595658,一手Video,2028810631,新浪新闻
1644114654,新京报,2028810631,新浪新闻
7267353300,七夕一日餐厅,2028810631,新浪新闻
6451575366,一个专员,2028810631,新浪新闻
6124642021,新京报我们视频,2028810631,新浪新闻
5336533996,世面,2028810631,新浪新闻
6685357186,微博积分,2028810631,新浪新闻
6715252094,五环短视频,2028810631,新浪新闻
2671109275,新手指南,2028810631,新浪新闻
2607972104,湖北发布,2028810631,新浪新闻
5993531560,中新经纬,2028810631,新浪新闻
2462139944,金温江,2028810631,新浪新闻
6041449682,同城小秘书,2028810631,新浪新闻
6543396571,鲜知App,2028810631,新浪新闻
2746939653,点赞Video,2028810631,新浪新闻
1728860841,微博同城,2028810631,新浪新闻
1698823241,澎湃视频,2028810631,新浪新闻
2131466040,杨昇--在作文里成长,2028810631,新浪新闻
1778181861,日本流行每日速报,2028810631,新浪新闻
1660295635,廖信忠,2028810631,新浪新闻
1830438495,土家野夫,2028810631,新浪新闻
1496814565,封面新闻,2028810631,新浪新闻
5892736543,真实故事计划,2028810631,新浪新闻
1050896727,肖锋,2028810631,新浪新闻
1652678204,桑格格桑格格,2028810631,新浪新闻
1661598840,传媒老王,2028810631,新浪新闻
1497035431,梁斌penny,2028810631,新浪新闻
1249159055,苏芩,2028810631,新浪新闻
2753548321,陈竞苏_,2028810631,新浪新闻
1751661673,易立竞,2028810631,新浪新闻
1706987705,六六,2028810631,新浪新闻
1298535315,占豪,2028810631,新浪新闻
1407132951,曾鹏宇,2028810631,新浪新闻
3912522941,让红包飞,2028810631,新浪新闻
2606218210,中国妇女报,2028810631,新浪新闻
6250824982,时间视频,2028810631,新浪新闻
5135808743,一条,2028810631,新浪新闻
6336710565,微博任务,2028810631,新浪新闻
5657174930,龙岩网警巡查执法,2028810631,新浪新闻
2789616391,CCTV6电影频道,2028810631,新浪新闻
1686852537,信小呆,2028810631,新浪新闻
2607803303,章若楠,2028810631,新浪新闻
1699540307,中国之声,2028810631,新浪新闻
3044746573,秒拍,2028810631,新浪新闻
3048800300,新浪圈子,2028810631,新浪新闻
2608693591,喜马拉雅,2028810631,新浪新闻
5733680373,微博海外房产,2028810631,新浪新闻
3952070245,范冰冰,2028810631,新浪新闻
6349943205,时间国际视频,2028810631,新浪新闻
1662262590,张予曦,2028810631,新浪新闻
3739825350,ClaraLee克拉拉,2028810631,新浪新闻
1234552257,成龙,2028810631,新浪新闻
1262456801,张歆艺,2028810631,新浪新闻
1320135280,袁姗姗,2028810631,新浪新闻
5474534259,水原希子_Official,2028810631,新浪新闻
2126034191,文娱大事件,2028810631,新浪新闻
2405461811,中国-东盟中心,2028810631,新浪新闻
3263330414,微博广告,2028810631,新浪新闻
1895964183,一起神回复,2028810631,新浪新闻
3699083130,CCTV体育赛事频道,2028810631,新浪新闻
2993049293,央视体育,2028810631,新浪新闻
1638781994,新浪体育,2028810631,新浪新闻
1727428497,leopoldzhang,2028810631,新浪新闻
1826760875,阳光下的光芒万丈,2028810631,新浪新闻
1660079292,向小田,2028810631,新浪新闻
5364741995,没有故事的女高中生,2028810631,新浪新闻
1266286555,吴奇隆,2028810631,新浪新闻
2865101843,棋士柯洁,2028810631,新浪新闻
1878546883,孙杨,2028810631,新浪新闻
3941354960,定时微博小助手,2028810631,新浪新闻
2778748085,微博推送助手,2028810631,新浪新闻
1904178193,微博开放平台,2028810631,新浪新闻
1154814271,Qing,2028810631,新浪新闻
2810373291,新华网,2028810631,新浪新闻
1700087532,三湘都市报,2028810631,新浪新闻
1640601392,新浪视频,2028810631,新浪新闻
1926909715,第一财经日报,2028810631,新浪新闻
3603665722,矮脚虎大战土行孙,2028810631,新浪新闻
1710173801,OPPO,2028810631,新浪新闻
2060865431,OPPO手机,2028810631,新浪新闻
6013036010,麻麻的育儿经,2028810631,新浪新闻
6000053789,孕妈宝爸,2028810631,新浪新闻
5521023040,社会化营销案例库,2028810631,新浪新闻
5463960896,娱乐前瞻,2028810631,新浪新闻
5743923782,微博会员小秘书,2028810631,新浪新闻
2808306097,UBISOFT育碧,2028810631,新浪新闻
6057355845,李沁工作室,2028810631,新浪新闻
6190532921,微博故事,2028810631,新浪新闻
2641686425,新华国际,2028810631,新浪新闻
1847002537,漫步海边的孩子,2028810631,新浪新闻
1728885872,网红先走我段后,2028810631,新浪新闻
5779026098,Dr汪花生,2028810631,新浪新闻
1774662372,每日一狗,2028810631,新浪新闻
2683843043,魅族科技,2028810631,新浪新闻
5406572240,魅蓝手机,2028810631,新浪新闻
5174400490,微博钱包福利,2028810631,新浪新闻
6134217127,汪花生同学,2028810631,新浪新闻
2214257545,YouTube精选,2028810631,新浪新闻
5625128192,硬核看板,2028810631,新浪新闻
2812335943,TFBOYS-王源,2028810631,新浪新闻
5681478953,明日头条,2028810631,新浪新闻
1982718541,养生坛,2028810631,新浪新闻
1988524335,姐最会穿,2028810631,新浪新闻
2925141777,全球新闻眼,2028810631,新浪新闻
2735327001,微博安全中心,2028810631,新浪新闻
1881159861,浪圈每日播报,2028810631,新浪新闻
1642351362,angelababy,2028810631,新浪新闻
2060029603,小浪同学爱吐槽,2028810631,新浪新闻
2549511007,中国铁路,2028810631,新浪新闻
3248050592,吾爱吐槽,2028810631,新浪新闻
5201638288,粉服审核,2028810631,新浪新闻
5902633530,最美工厂,2028810631,新浪新闻
2353158755,小胖先Sen,2028810631,新浪新闻
1831945750,格力电器,2028810631,新浪新闻
6067873008,国家邮政局,2028810631,新浪新闻
2053061043,微博政务,2028810631,新浪新闻
1873370657,购车完全指南,2028810631,新浪新闻
2273500281,电动扒士,2028810631,新浪新闻
1778758223,新浪看点,2028810631,新浪新闻
2306405891,头条校园,2028810631,新浪新闻
5780974966,柴知道,2028810631,新浪新闻
5762454887,微博数据助手,2028810631,新浪新闻
1255025830,SeaCatRock,2028810631,新浪新闻
5878659096,超话社区,2028810631,新浪新闻
1870555733,新媒田宇,2028810631,新浪新闻
2011075080,齐鲁晚报,2028810631,新浪新闻
1499104401,新浪军事,2028810631,新浪新闻
1502844527,新浪旅游,2028810631,新浪新闻
2062486221,是睡不醒先生,2028810631,新浪新闻
1766610544,白城以北,2028810631,新浪新闻
3587960280,粉丝头条官方微博,2028810631,新浪新闻
1043725315,冰冻的驴_bd,2028810631,新浪新闻
1088791230,丛松,2028810631,新浪新闻
1195054531,博物杂志,2028810631,新浪新闻
2639360335,旅游来了,2028810631,新浪新闻
3157925462,三好学生大非,2028810631,新浪新闻
5581785513,微博抽奖平台,2028810631,新浪新闻
5186027114,微博视频,2028810631,新浪新闻
3083675110,微博赛事,2028810631,新浪新闻
2921244024,微博体育,2028810631,新浪新闻
3252743925,微博音乐,2028810631,新浪新闻
2016713117,微博客服,2028810631,新浪新闻
5745229601,微博搜索广告,2028810631,新浪新闻
2850809427,微博钱包,2028810631,新浪新闻
5136362277,微博红包,2028810631,新浪新闻
2807295185,话题,2028810631,新浪新闻
1613962150,caozenghui,2028810631,新浪新闻
2780457263,你能不能多见见世面,2028810631,新浪新闻
5138658570,Bruce上山找老虎,2028810631,新浪新闻
1494761561,小浪,2028810631,新浪新闻
1268642527,新浪健康,2028810631,新浪新闻
1364882532,新浪图片,2028810631,新浪新闻
1111681197,来去之间,2028810631,新浪新闻
1644729004,新浪河南,2028810631,新浪新闻
2839107347,微博篮球,2028810631,新浪新闻
1644948230,北京头条,2028810631,新浪新闻
5772402927,旅界资讯,2028810631,新浪新闻
2285381211,微博健身,2028810631,新浪新闻
5611783716,微博娱乐,2028810631,新浪新闻
1821898647,视频微访谈,2028810631,新浪新闻
2702301030,蛋糕,2028810631,新浪新闻
zhengwuxueyuan,政务新媒体学院,2028810631,新浪新闻
3752852352,政务应用助理,2028810631,新浪新闻
2431328567,微博热点,2028810631,新浪新闻
6383942032,广东交警,2949913010,佛山发布
3169191205,壳牌中国,2949913010,佛山发布
2015108055,中央气象台,2949913010,佛山发布
3566273365,带着星星去旅行189,2949913010,佛山发布
1326410461,瞭望东方周刊,2949913010,佛山发布
3222817584,iPanda熊猫频道,2949913010,佛山发布
3937348351,共青团中央,2949913010,佛山发布
1644489953,南方都市报,2949913010,佛山发布
1824229445,探秘组,2949913010,佛山发布
6543396571,鲜知App,2949913010,佛山发布
2320711045,微博新鲜事,2949913010,佛山发布
2113463832,广东消防,2949913010,佛山发布
6929716472,国家移民管理局,2949913010,佛山发布
5581785513,微博抽奖平台,2949913010,佛山发布
1645968044,鳳凰資訊快報,2949913010,佛山发布
2039753857,CCTV4,2949913010,佛山发布
6685357186,微博积分,2949913010,佛山发布
6367098046,国际篮联篮球世界杯,2949913010,佛山发布
3921015143,央行微播,2949913010,佛山发布
5749860995,铀媒,2949913010,佛山发布
5720474518,英雄联盟,2949913010,佛山发布
3196035104,健力宝运动饮料,2949913010,佛山发布
1682207150,南方日报,2949913010,佛山发布
3212726410,肇庆发布,2949913010,佛山发布
1699432410,新华视点,2949913010,佛山发布
2882617115,头条文章,2949913010,佛山发布
6969972165,东风快递,2949913010,佛山发布
6067873008,国家邮政局,2949913010,佛山发布
5211979483,杭州发布,2949913010,佛山发布
1904228041,中国地震台网速报,2949913010,佛山发布
1916780343,微成都,2949913010,佛山发布
1261788454,中国电影报道,2949913010,佛山发布
1908243782,坪田银杏,2949913010,佛山发布
2597416352,紫金山天文台科普部,2949913010,佛山发布
cctvxinwen,央视新闻,2949913010,佛山发布
1858386852,香港天文台,2949913010,佛山发布
3044746573,秒拍,2949913010,佛山发布
5878659096,超话社区,2949913010,佛山发布
2201490213,只戴一只表,2949913010,佛山发布
2715305503,金鸡百花电影节,2949913010,佛山发布
5610358458,佛山工会,2949913010,佛山发布
3535175740,珠海发布,2949913010,佛山发布
3941354960,定时微博小助手,2949913010,佛山发布
3587960280,粉丝头条官方微博,2949913010,佛山发布
3960037780,微热点,2949913010,佛山发布
3752852352,政务应用助理,2949913010,佛山发布
3819691218,时尚摩登范儿,2949913010,佛山发布
5608433557,微博星座,2949913010,佛山发布
zhengwuxueyuan,政务新媒体学院,2949913010,佛山发布
1644088831,新浪汽车,2949913010,佛山发布
5628232490,购车优惠券,2949913010,佛山发布
2516014697,汽车报价,2949913010,佛山发布
5653590929,互联网PLUS博览会,2949913010,佛山发布
5644433237,政务风云榜,2949913010,佛山发布
3194920592,中国气象科普,2949913010,佛山发布
5107361689,微博职场,2949913010,佛山发布
2347656794,南海招考,2949913010,佛山发布
2705314123,佛山发布小编,2949913010,佛山发布
renminwang,人民网,2949913010,佛山发布
gzdaily,广州日报,2949913010,佛山发布
3927746122,新浪广东城市频道,2949913010,佛山发布
2053061043,微博政务,2949913010,佛山发布
3960908674,佛山党校,2949913010,佛山发布
1912040063,转发抽奖平台,2949913010,佛山发布
3176459727,清远发布,2949913010,佛山发布
1896650227,正义网,2949913010,佛山发布
2612275894,佛山水业,2949913010,佛山发布
3511698607,中山发布,2949913010,佛山发布
3205987587,佛山政法,2949913010,佛山发布
3514777872,佛山市中医院,2949913010,佛山发布
1821329442,佛大微群,2949913010,佛山发布
1727568051,韩志鹏委员,2949913010,佛山发布
1864533875,龙建刚评论,2949913010,佛山发布
1750489614,厦门浪,2949913010,佛山发布
3057998794,佛山市自然资源局,2949913010,佛山发布
2692078434,-正气丹心-,2949913010,佛山发布
2618614821,25小时网,2949913010,佛山发布
1876194065,佛山冯氏世家木版年画,2949913010,佛山发布
3198449250,佛山市公路局,2949913010,佛山发布
3191372930,佛山市审计局,2949913010,佛山发布
1946908671,佛山华英毕业生,2949913010,佛山发布
3148999442,佛山交警,2949913010,佛山发布
1411163204,健康时报,2949913010,佛山发布
2281608511,今日高明,2949913010,佛山发布
3186338003,佛山血站,2949913010,佛山发布
3166201085,佛山市委办,2949913010,佛山发布
3166712803,佛山科协,2949913010,佛山发布
3180244265,佛山建筑工程质量监督站,2949913010,佛山发布
3163825657,佛山农工,2949913010,佛山发布
3175992897,佛山人防,2949913010,佛山发布
3092828385,佛山市工商业联合会,2949913010,佛山发布
3076016512,佛山统计,2949913010,佛山发布
2978949484,佛山海事,2949913010,佛山发布
2979427540,佛山住建,2949913010,佛山发布
2964759710,佛山工信,2949913010,佛山发布
3199020807,佛山残联,2949913010,佛山发布
1981131974,随手拍天气,2949913010,佛山发布
3038696572,佛山外事,2949913010,佛山发布
3174227973,佛山政协,2949913010,佛山发布
2643446983,佛山阳光组工,2949913010,佛山发布
2941535634,佛山教育局,2949913010,佛山发布
2172958142,佛山文联,2949913010,佛山发布
2279751824,佛山地质,2949913010,佛山发布
2975654384,佛山交通运输,2949913010,佛山发布
2966054064,佛山税务,2949913010,佛山发布
2012063072,奇山红棉-南海九江,2949913010,佛山发布
2155226773,帝哥说事儿,2949913010,佛山发布
2886435154,南海微联播,2949913010,佛山发布
1189729754,闾丘露薇,2949913010,佛山发布
1804033411,广州陈扬,2949913010,佛山发布
1923237421,广州铁路,2949913010,佛山发布
2176235777,广东政法,2949913010,佛山发布
2081933265,广州共青团,2949913010,佛山发布
1910695630,广东共青团,2949913010,佛山发布
2568227595,中国青年志愿者,2949913010,佛山发布
2204033420,广东检察,2949913010,佛山发布
1735882701,深圳公安,2949913010,佛山发布
1722022490,广州公安,2949913010,佛山发布
1709157165,联合国,2949913010,佛山发布
1701367442,平安南粤,2949913010,佛山发布
2328516855,中国警方在线,2949913010,佛山发布
rmrb,人民日报,2949913010,佛山发布
1618051664,头条新闻,2949913010,佛山发布
1738687880,佛大吧,2949913010,佛山发布
2288457744,顺德旅游美食,2949913010,佛山发布
1530561565,绘画思想者林子超,2949913010,佛山发布
2706528757,俯瞰乐从,2949913010,佛山发布
2696390031,小镇北滘,2949913010,佛山发布
2166277910,佛山秋色欢乐节,2949913010,佛山发布
2313112880,文明佛山,2949913010,佛山发布
2625548425,三水治安,2949913010,佛山发布
2642792104,地铁警察_千灯湖警长,2949913010,佛山发布
2109147852,南海边检,2949913010,佛山发布
2117089480,佛山市12355青少年综合服务平台,2949913010,佛山发布
2145049507,桂城环保,2949913010,佛山发布
2625718363,守护白坭,2949913010,佛山发布
2633828321,三水刑侦,2949913010,佛山发布
2616922003,三水交警,2949913010,佛山发布
2145854352,南海里水宣传,2949913010,佛山发布
2527834544,南海中小企,2949913010,佛山发布
1405153012,维护201404,2949913010,佛山发布
2568535032,佛山市档案馆,2949913010,佛山发布
2272707784,南海政务微博督查,2949913010,佛山发布
1944775492,中山大学岭南文化研究院,2949913010,佛山发布
2145980694,三水区志愿者联合会,2949913010,佛山发布
2246470724,南海三防办,2949913010,佛山发布
2703357485,惊艳顺德2019,2949913010,佛山发布
2117098252,三水团区委,2949913010,佛山发布
2734476814,三水法院,2949913010,佛山发布
2028036777,南海区直机关工委,2949913010,佛山发布
2551398741,中国西南,2949913010,佛山发布
2128046947,高明志愿者,2949913010,佛山发布
2121848727,桂城宣传,2949913010,佛山发布
2013969034,南海区委组织部,2949913010,佛山发布
2006672173,南海妇联,2949913010,佛山发布
1743916335,南海足协,2949913010,佛山发布
2747435400,佛山市社工委,2949913010,佛山发布
2320711045,微博新鲜事,3169191205,壳牌中国
6543396571,鲜知App,3169191205,壳牌中国
6037687121,Bigger研究所,3169191205,壳牌中国
5394206608,粉丝群,3169191205,壳牌中国
2120456303,微博虚假活动曝光平台,3169191205,壳牌中国
7256759922,CQJTU骁鹰车队,3169191205,壳牌中国
3953539172,北京理工大学节能车俱乐部,3169191205,壳牌中国
5392873642,太原科技大学万里车队,3169191205,壳牌中国
1846818273,西部阳光基金会,3169191205,壳牌中国
3905559211,毕导THU,3169191205,壳牌中国
5756322896,吉林大学肯赛车队,3169191205,壳牌中国
2850809427,微博钱包,3169191205,壳牌中国
3587960280,粉丝头条官方微博,3169191205,壳牌中国
5174400490,微博钱包福利,3169191205,壳牌中国
5743923782,微博会员小秘书,3169191205,壳牌中国
2715025067,微博会员,3169191205,壳牌中国
2184979950,吉利控股集团,3169191205,壳牌中国
1691328753,吉利汽车,3169191205,壳牌中国
1703371307,北京晚报,3169191205,壳牌中国
5762454887,微博数据助手,3169191205,壳牌中国
6467051399,华汽EV,3169191205,壳牌中国
3941354960,定时微博小助手,3169191205,壳牌中国
1243115577,谭维维,3169191205,壳牌中国
1435964772,疏桐motioneco,3169191205,壳牌中国
2745180611,北京壳牌石油有限公司,3169191205,壳牌中国
2804234252,延长壳牌广东加油站,3169191205,壳牌中国
5878659096,超话社区,3169191205,壳牌中国
1904178193,微博开放平台,3169191205,壳牌中国
3263330414,微博广告,3169191205,壳牌中国
5186027114,微博视频,3169191205,壳牌中国
2403940564,同济大学志远车队,3169191205,壳牌中国
2801710132,SprinklrSolutions,3169191205,壳牌中国
5689294835,Motorsport中文网,3169191205,壳牌中国
5331542240,微应用活动,3169191205,壳牌中国
2016713117,微博客服,3169191205,壳牌中国
5655420911,中国石油,3169191205,壳牌中国
2953031917,微博活动,3169191205,壳牌中国
5581785513,微博抽奖平台,3169191205,壳牌中国
2094029477,新能源网官方,3169191205,壳牌中国
1678870364,企业微博助理,3169191205,壳牌中国
3429300952,中国石化,3169191205,壳牌中国
1405802217,天然气研究者,3169191205,壳牌中国
2305979075,壳牌华北石油集团,3169191205,壳牌中国
1638782947,新浪财经,3169191205,壳牌中国
3656659427,华夏能源网,3169191205,壳牌中国
1826648747,联合国开发计划署,3169191205,壳牌中国
2550440724,经济学人智库TheEIU,3169191205,壳牌中国
2132127741,经济学人集团,3169191205,壳牌中国
5133231822,能见派,3169191205,壳牌中国
1698233740,FT中文网,3169191205,壳牌中国
2118199093,世界资源研究所WRI-China,3169191205,壳牌中国
2473184847,乐平千千树,3169191205,壳牌中国
1966015251,南方能源观察,3169191205,壳牌中国
2173255122,北京富平学校,3169191205,壳牌中国
2776942207,壳牌爱德王子企业微博,3169191205,壳牌中国
3319355322,上游周报,3169191205,壳牌中国
1657987915,财富中文网,3169191205,壳牌中国
2924895124,富平创源,3169191205,壳牌中国
1641561812,经济观察报,3169191205,壳牌中国
1315591982,第一财经YiMagazine,3169191205,壳牌中国
1651428902,21世纪经济报道,3169191205,壳牌中国
2137950223,中国能源报,3169191205,壳牌中国
2754683003,中国石油报,3169191205,壳牌中国
1663937380,财新网,3169191205,壳牌中国
caijing,财经网,3169191205,壳牌中国
2573021000,中国国际能源舆情研究中心,3169191205,壳牌中国
2209651097,北京乐平公益基金会,3169191205,壳牌中国
2062260913,法拉利中国,3169191205,壳牌中国
2505768155,壳牌V-Power,3169191205,壳牌中国
2608186497,壳牌中国招聘,3169191205,壳牌中国
2101915740,壳牌喜力,3169191205,壳牌中国
1942089254,壳牌劲霸Rimula,3169191205,壳牌中国
1774390367,Naituw,2015108055,中央气象台
2137170357,蒙淇淇77,2015108055,中央气象台
5878659096,超话社区,2015108055,中央气象台
6371852024,微博直播台,2015108055,中央气象台
3941354960,定时微博小助手,2015108055,中央气象台
2489662571,临沂天气,2015108055,中央气象台
5467859386,合肥气象,2015108055,中央气象台
2397190260,巴中气象,2015108055,中央气象台
1642904381,优酷,2015108055,中央气象台
5000764997,自然资源部,2015108055,中央气象台
6992220356,奶茶饼干小泡芙,2015108055,中央气象台
5796731205,一直播,2015108055,中央气象台
2557129567,华为中国,2015108055,中央气象台
3203137375,四川观察,2015108055,中央气象台
5467852665,紫光阁,2015108055,中央气象台
7337794444,山东天气,2015108055,中央气象台
5136362277,微博红包,2015108055,中央气象台
2196734667,微博位置,2015108055,中央气象台
5743923782,微博会员小秘书,2015108055,中央气象台
2715025067,微博会员,2015108055,中央气象台
1660476475,DYY_NJU,2015108055,中央气象台
1747602243,阿一行摄,2015108055,中央气象台
3549916270,中国消防,2015108055,中央气象台
5186098344,青岛气象,2015108055,中央气象台
6901994610,我们直播,2015108055,中央气象台
5749860995,铀媒,2015108055,中央气象台
1728860841,微博同城,2015108055,中央气象台
5342220662,应急管理部,2015108055,中央气象台
2882617115,头条文章,2015108055,中央气象台
2497053864,译林-文学与新知,2015108055,中央气象台
5581785513,微博抽奖平台,2015108055,中央气象台
2392909680,淮安气象,2015108055,中央气象台
1904947977,天山网,2015108055,中央气象台
2711390951,安康气象,2015108055,中央气象台
3175296763,商洛气象V,2015108055,中央气象台
2633923033,汉中气象,2015108055,中央气象台
6124642021,新京报我们视频,2015108055,中央气象台
2024918751,多彩肇庆,2015108055,中央气象台
6205450303,德钦梅里气象,2015108055,中央气象台
1497490531,张泰源的天气百科,2015108055,中央气象台
3937348351,共青团中央,2015108055,中央气象台
2549578244,马鞍山发布,2015108055,中央气象台
5808531641,风云气象卫星,2015108055,中央气象台
3067308055,内蒙古气象,2015108055,中央气象台
2642215773,宁夏天气-宁夏气象,2015108055,中央气象台
2542024960,西藏气象微博,2015108055,中央气象台
2464180494,晋城气象,2015108055,中央气象台
2093149623,鸭子大王_玖月,2015108055,中央气象台
1720597552,不耐一顾,2015108055,中央气象台
2034628601,守望天空的猫哥,2015108055,中央气象台
6054707660,浙江气象爱好者,2015108055,中央气象台
1169134183,Limdawn,2015108055,中央气象台
2362298955,老爷子的烟灰缸缸,2015108055,中央气象台
6230923138,萍乡天气,2015108055,中央气象台
1416331690,海南气象服务,2015108055,中央气象台
2001185053,汉堡王中国,2015108055,中央气象台
1728875812,海尔,2015108055,中央气象台
2268654297,衡阳市气象台,2015108055,中央气象台
2609496775,呼小卷,2015108055,中央气象台
2480683861,德州气象,2015108055,中央气象台
hooue,政务微博观察,2015108055,中央气象台
2240090994,艾美特电器,2015108055,中央气象台
2655176573,郑州市气象局,2015108055,中央气象台
5632570931,中国气象数据,2015108055,中央气象台
1660213530,天师-卡赞,2015108055,中央气象台
2854430062,克州气象台,2015108055,中央气象台
2785496570,咸阳气象,2015108055,中央气象台
2464201411,是章鱼不是水母,2015108055,中央气象台
1191965271,三联生活周刊,2015108055,中央气象台
2549511007,中国铁路,2015108055,中央气象台
5792249570,宿松县气象局ssqx,2015108055,中央气象台
1684452940,新浪广东,2015108055,中央气象台
3960037780,微热点,2015108055,中央气象台
3103180863,德阳气象,2015108055,中央气象台
5341251100,大气物理研究所,2015108055,中央气象台
1730177302,中国科普博览,2015108055,中央气象台
2839685082,woonrocky,2015108055,中央气象台
3752852352,政务应用助理,2015108055,中央气象台
1636121385,气象风云汇-倪顺jimmy,2015108055,中央气象台
2699183413,黄南气象,2015108055,中央气象台
1974576991,环球时报,2015108055,中央气象台
3248137004,海大天气,2015108055,中央气象台
2014126301,萌台的遮羞布,2015108055,中央气象台
1143355212,铁岭气象,2015108055,中央气象台
2282634683,weatherman志刚,2015108055,中央气象台
1768029770,田青,2015108055,中央气象台
3267315877,中国路网,2015108055,中央气象台
1408020055,东方笑66,2015108055,中央气象台
2623714994,黄山旅游气象,2015108055,中央气象台
1904264611,国家海洋预报台,2015108055,中央气象台
1827889057,Andy887,2015108055,中央气象台
3205416954,中国气象科学研究院,2015108055,中央气象台
1812592400,震长老乡,2015108055,中央气象台
zhengwuxueyuan,政务新媒体学院,2015108055,中央气象台
2752396553,国资小新,2015108055,中央气象台
renminwang,人民网,2015108055,中央气象台
thepapernewsapp,澎湃新闻,2015108055,中央气象台
1663072851,中国日报,2015108055,中央气象台
2516831703,北京环境监测,2015108055,中央气象台
2033266797,新闻联播天气预报,2015108055,中央气象台
3222817584,iPanda熊猫频道,2015108055,中央气象台
3172831567,双流气象,2015108055,中央气象台
2344684945,廊坊气象,2015108055,中央气象台
5087502786,连云港气象,2015108055,中央气象台
2338266355,南京大学大气学生会,2015108055,中央气象台
1222135407,中国国家地理,2015108055,中央气象台
3572454403,黔东南交警,2015108055,中央气象台
5174478085,宁夏气象,2015108055,中央气象台
1644225642,美国国家地理,2015108055,中央气象台
5166784155,南京信息工程大学,2015108055,中央气象台
3756087501,粉丝服务平台,2015108055,中央气象台
1794050537,霸道总裁小白兔,2015108055,中央气象台
1655363172,故宫博物院,2015108055,中央气象台
2126594800,中国气象报,2015108055,中央气象台
1195054531,博物杂志,2015108055,中央气象台
2764627974,国家气候中心官博,2015108055,中央气象台
2749360471,震长,2015108055,中央气象台
1292378751,绿色和平,2015108055,中央气象台
2490885964,防城港气象,2015108055,中央气象台
3944818252,气象桥,2015108055,中央气象台
3174415987,鸟人朱长老,2015108055,中央气象台
3194920592,中国气象科普,2015108055,中央气象台
1867571077,中央人民广播电台,2015108055,中央气象台
2561743574,扬州气象,2015108055,中央气象台
2647312881,龙岩气象,2015108055,中央气象台
2730728612,宁德气象,2015108055,中央气象台
2738344282,漳州气象,2015108055,中央气象台
2637030833,南平气象,2015108055,中央气象台
2456201400,梧州气象,2015108055,中央气象台
1965994410,乌第,2015108055,中央气象台
1871602841,喻纪新,2015108055,中央气象台
2367117194,知天气,2015108055,中央气象台
2206258462,NASA爱好者,2015108055,中央气象台
2098514845,嘉兴气象台,2015108055,中央气象台
2699503790,湖州气象,2015108055,中央气象台
1058664381,泉州气象,2015108055,中央气象台
2259331480,银川气象,2015108055,中央气象台
2507585710,高明天气,2015108055,中央气象台
2639617713,宝山气象,2015108055,中央气象台
2180253940,宜兴气象,2015108055,中央气象台
2062770611,江宁气象,2015108055,中央气象台
1945307120,萧山气象,2015108055,中央气象台
2311203342,花都天气,2015108055,中央气象台
1618288475,江阴气象,2015108055,中央气象台
1407949433,吴江气象,2015108055,中央气象台
2257232927,镇江气象,2015108055,中央气象台
2204732440,梅州天气,2015108055,中央气象台
2132837731,云浮天气,2015108055,中央气象台
2735745062,黔气象,2015108055,中央气象台
2296404962,河源天气,2015108055,中央气象台
2721893794,舟山气象微博,2015108055,中央气象台
1950449202,清远天气,2015108055,中央气象台
2163056424,昆山气象,2015108055,中央气象台
2240099322,江淮气象,2015108055,中央气象台
2203884274,潮州天气,2015108055,中央气象台
2316486560,从化天气,2015108055,中央气象台
2109335980,茂名天气,2015108055,中央气象台
2163977800,汕尾天气,2015108055,中央气象台
2311093730,番禺天气,2015108055,中央气象台
2189531372,肇庆天气,2015108055,中央气象台
2396585524,山西省气象局,2015108055,中央气象台
2683625641,武汉气象,2015108055,中央气象台
2062400750,常州气象官方微博,2015108055,中央气象台
3156358147,天津气象,2015108055,中央气象台
2296363050,增城天气,2015108055,中央气象台
2288166234,惠州天气,2015108055,中央气象台
2118035822,湛江天气,2015108055,中央气象台
2117428884,无锡气象,2015108055,中央气象台
2296975054,汕头天气,2015108055,中央气象台
2196955610,珠海天气,2015108055,中央气象台
1781387491,微博iPhone客户端,2015108055,中央气象台
3349909324,国家应急广播,2015108055,中央气象台
2092477712,黄山,2015108055,中央气象台
1904228041,中国地震台网速报,2015108055,中央气象台
2998934450,成都气象,2015108055,中央气象台
2942733850,温州气象wzqx,2015108055,中央气象台
2513683302,陕西气象,2015108055,中央气象台
2247798535,人民微博,2015108055,中央气象台
2778292197,北京地铁,2015108055,中央气象台
2710349040,徐闻天气,2015108055,中央气象台
1649195742,央视新闻周刊,2015108055,中央气象台
1415567240,呆呆兔555,2015108055,中央气象台
1864691720,桑桑310,2015108055,中央气象台
1790077291,斯普瑞特贰贰零零,2015108055,中央气象台
1267580610,汉唐网,2015108055,中央气象台
3208300423,象州气象,2015108055,中央气象台
2934740115,气象怀柔,2015108055,中央气象台
2810373291,新华网,2015108055,中央气象台
2481766125,乐清气象,2015108055,中央气象台
2655187151,吴川天气,2015108055,中央气象台
2139049653,电白天气,2015108055,中央气象台
2616180371,莆田气象,2015108055,中央气象台
2454074742,浦口气象,2015108055,中央气象台
2264740761,丹东气象服务,2015108055,中央气象台
2459904600,抚顺气象,2015108055,中央气象台
2593972624,嘉定气象,2015108055,中央气象台
